1984,'./GB_Files/IBPS/GOVERNING_BOARD_MEETING/0002','0002.pdf',NULL,NULL,NULL,NULL,NULL,NULL,NULL,NULL,23,23
1984,'./GB_Files/IBPS/GOVERNING_BOARD_MEETING/0002','0002.pdf',NULL,NULL,NULL,NULL,NULL,NULL,NULL,NULL,NULL,NULL
1984,'./GB_Files/IBPS/GOVERNING_BOARD_MEETING/0001','0001.pdf',NULL,NULL,NULL,NULL,NULL,NULL,NULL,NULL,NULL,NULL
1984,'./GB_Files/IBPS/GOVERNING_BOARD_MEETING/0002','0002.pdf',NULL,NULL,NULL,NULL,NULL,NULL,NULL,NULL,NULL,NULL
1984,'./GB_Files/IBPS/GOVERNING_BOARD_MEETING/0002','0002.pdf',NULL,NULL,NULL,NULL,NULL,NULL,NULL,NULL,NULL,NULL
1984,'./GB_Files/IBPS/GOVERNING_BOARD_MEETING/0001','0001.pdf',NULL,NULL,NULL,NULL,NULL,NULL,NULL,NULL,NULL,NULL
1984,'./GB_Files/IBPS/GOVERNING_BOARD_MEETING/0002','0002.pdf',NULL,NULL,NULL,NULL,52,57,NULL,NULL,NULL,NULL
1984,'./GB_Files/IBPS/GOVERNING_BOARD_MEETING/0002','0002.pdf',NULL,NULL,NULL,NULL,69,70,NULL,NULL,NULL,NULL
1984,'./GB_Files/IBPS/GOVERNING_BOARD_MEETING/0001','0001.pdf',NULL,NULL,NULL,NULL,28,32,NULL,NULL,NULL,NULL
1984,'./GB_Files/IBPS/GOVERNING_BOARD_MEETING/0002','0002.pdf',NULL,NULL,NULL,NULL,NULL,NULL,NULL,NULL,NULL,NULL
1984,'./GB_Files/IBPS/GOVERNING_BOARD_MEETING/0002','0002.pdf',NULL,NULL,NULL,NULL,NULL,NULL,NULL,NULL,NULL,NULL
1984,'./GB_Files/IBPS/GOVERNING_BOARD_MEETING/0001','0001.pdf',NULL,NULL,NULL,NULL,NULL,NULL,NULL,NULL,NULL,NULL
1984,'./GB_Files/IBPS/GOVERNING_BOARD_MEETING/0002','0002.pdf',NULL,NULL,NULL,NULL,NULL,NULL,NULL,NULL,NULL,NULL
1984,'./GB_Files/IBPS/GOVERNING_BOARD_MEETING/0002','0002.pdf',NULL,NULL,NULL,NULL,NULL,NULL,NULL,NULL,NULL,NULL
1984,'./GB_Files/IBPS/GOVERNING_BOARD_MEETING/0004','0004.pdf',46,61,NULL,NULL,NULL,NULL,NULL,NULL,NULL,NULL
1985,'./GB_Files/IBPS/GOVERNING_BOARD_MEETING/0003','0003.pdf',NULL,NULL,NULL,NULL,NULL,NULL,NULL,NULL,NULL,NULL
1985,'./GB_Files/IBPS/GOVERNING_BOARD_MEETING/0003','0003.pdf',NULL,NULL,NULL,NULL,NULL,NULL,NULL,NULL,NULL,NULL
1985,'./GB_Files/IBPS/GOVERNING_BOARD_MEETING/0003','0003.pdf',NULL,NULL,NULL,NULL,NULL,NULL,NULL,NULL,NULL,NULL
1985,'./GB_Files/IBPS/GOVERNING_BOARD_MEETING/0003','0003.pdf',NULL,NULL,NULL,NULL,NULL,NULL,NULL,NULL,NULL,NULL
1985,'./GB_Files/IBPS/GOVERNING_BOARD_MEETING/0003','0003.pdf',NULL,NULL,NULL,NULL,NULL,NULL,NULL,NULL,NULL,NULL
1985,'./GB_Files/IBPS/GOVERNING_BOARD_MEETING/0003','0003.pdf',NULL,NULL,NULL,NULL,NULL,NULL,NULL,NULL,NULL,NULL
1985,'./GB_Files/IBPS/GOVERNING_BOARD_MEETING/0003','0003.pdf',NULL,NULL,NULL,NULL,58,61,NULL,NULL,NULL,NULL
1985,'./GB_Files/IBPS/GOVERNING_BOARD_MEETING/0003','0003.pdf',NULL,NULL,NULL,NULL,102,176,NULL,NULL,NULL,NULL
1985,'./GB_Files/IBPS/GOVERNING_BOARD_MEETING/0003','0003.pdf',NULL,NULL,NULL,NULL,212,239,NULL,NULL,NULL,NULL
1985,'./GB_Files/IBPS/GOVERNING_BOARD_MEETING/0003','0003.pdf',NULL,NULL,44,46,NULL,NULL,NULL,NULL,NULL,NULL
1985,'./GB_Files/IBPS/GOVERNING_BOARD_MEETING/0003','0003.pdf',NULL,NULL,NULL,NULL,NULL,NULL,NULL,NULL,NULL,NULL
1985,'./GB_Files/IBPS/GOVERNING_BOARD_MEETING/0003','0003.pdf',NULL,NULL,NULL,NULL,NULL,NULL,NULL,NULL,NULL,NULL
1985,'./GB_Files/IBPS/GOVERNING_BOARD_MEETING/0003','0003.pdf',NULL,NULL,NULL,NULL,NULL,NULL,NULL,NULL,NULL,NULL
1985,'./GB_Files/IBPS/GOVERNING_BOARD_MEETING/0003','0003.pdf',NULL,NULL,NULL,NULL,NULL,NULL,NULL,NULL,NULL,NULL
1985,'./GB_Files/IBPS/GOVERNING_BOARD_MEETING/0003','0003.pdf',NULL,NULL,NULL,NULL,NULL,NULL,NULL,NULL,NULL,NULL
1986,'./GB_Files/IBPS/GOVERNING_BOARD_MEETING/0005','0005.pdf',NULL,NULL,NULL,NULL,NULL,NULL,NULL,NULL,NULL,NULL
1986,'./GB_Files/IBPS/GOVERNING_BOARD_MEETING/0004','0004.pdf',NULL,NULL,NULL,NULL,NULL,NULL,NULL,NULL,NULL,NULL
1986,'./GB_Files/IBPS/GOVERNING_BOARD_MEETING/0005','0005.pdf',NULL,NULL,NULL,NULL,NULL,NULL,NULL,NULL,NULL,NULL
1986,'./GB_Files/IBPS/GOVERNING_BOARD_MEETING/0004','0004.pdf',NULL,NULL,NULL,NULL,NULL,NULL,NULL,NULL,NULL,NULL
1986,'./GB_Files/IBPS/GOVERNING_BOARD_MEETING/0005','0005.pdf',NULL,NULL,NULL,NULL,78,79,NULL,NULL,NULL,NULL
1986,'./GB_Files/IBPS/GOVERNING_BOARD_MEETING/0004','0004.pdf',NULL,NULL,NULL,NULL,113,139,NULL,NULL,NULL,NULL
1986,'./GB_Files/IBPS/GOVERNING_BOARD_MEETING/0005','0005.pdf',NULL,NULL,19,19,NULL,NULL,NULL,NULL,NULL,NULL
1986,'./GB_Files/IBPS/GOVERNING_BOARD_MEETING/0004','0004.pdf',NULL,NULL,19,22,NULL,NULL,NULL,NULL,NULL,NULL
1986,'./GB_Files/IBPS/GOVERNING_BOARD_MEETING/0007','0007.pdf',29,35,NULL,NULL,NULL,NULL,NULL,NULL,NULL,NULL
1986,'./GB_Files/IBPS/GOVERNING_BOARD_MEETING/0005','0005.pdf',NULL,NULL,NULL,NULL,NULL,NULL,NULL,NULL,NULL,NULL
1986,'./GB_Files/IBPS/GOVERNING_BOARD_MEETING/0004','0004.pdf',NULL,NULL,NULL,NULL,NULL,NULL,NULL,NULL,NULL,NULL
1987,'./GB_Files/IBPS/GOVERNING_BOARD_MEETING/0007','0007.pdf',NULL,NULL,NULL,NULL,NULL,NULL,NULL,NULL,NULL,NULL
1987,'./GB_Files/IBPS/GOVERNING_BOARD_MEETING/0006','0006.pdf',NULL,NULL,NULL,NULL,NULL,NULL,NULL,NULL,NULL,NULL
1987,'./GB_Files/IBPS/GOVERNING_BOARD_MEETING/0007','0007.pdf',NULL,NULL,NULL,NULL,NULL,NULL,91,93,NULL,NULL
1987,'./GB_Files/IBPS/GOVERNING_BOARD_MEETING/0006','0006.pdf',NULL,NULL,NULL,NULL,NULL,NULL,NULL,NULL,NULL,NULL
1987,'./GB_Files/IBPS/GOVERNING_BOARD_MEETING/0007','0007.pdf',NULL,NULL,NULL,NULL,59,66,NULL,NULL,NULL,NULL
1987,'./GB_Files/IBPS/GOVERNING_BOARD_MEETING/0006','0006.pdf',NULL,NULL,NULL,NULL,62,64,NULL,NULL,NULL,NULL
1987,'./GB_Files/IBPS/GOVERNING_BOARD_MEETING/0007','0007.pdf',NULL,NULL,16,18,NULL,NULL,NULL,NULL,NULL,NULL
1987,'./GB_Files/IBPS/GOVERNING_BOARD_MEETING/0006','0006.pdf',NULL,NULL,58,61,NULL,NULL,NULL,NULL,NULL,NULL
1987,'./GB_Files/IBPS/GOVERNING_BOARD_MEETING/0009','0009.pdf',36,41,NULL,NULL,NULL,NULL,NULL,NULL,NULL,NULL
1987,'./GB_Files/IBPS/GOVERNING_BOARD_MEETING/0006','0006.pdf',NULL,NULL,NULL,NULL,NULL,NULL,NULL,NULL,NULL,NULL
1988,'./GB_Files/IBPS/GOVERNING_BOARD_MEETING/0009','0009.pdf',NULL,NULL,NULL,NULL,NULL,NULL,NULL,NULL,NULL,NULL
1988,'./GB_Files/IBPS/GOVERNING_BOARD_MEETING/0009','0009.pdf',NULL,NULL,NULL,NULL,NULL,NULL,NULL,NULL,NULL,NULL
1988,'./GB_Files/IBPS/GOVERNING_BOARD_MEETING/0008','0008.pdf',NULL,NULL,NULL,NULL,NULL,NULL,NULL,NULL,88,88
1988,'./GB_Files/IBPS/GOVERNING_BOARD_MEETING/0008','0008.pdf',NULL,NULL,NULL,NULL,NULL,NULL,NULL,NULL,92,93
1988,'./GB_Files/IBPS/GOVERNING_BOARD_MEETING/0009','0009.pdf',NULL,NULL,NULL,NULL,NULL,NULL,NULL,NULL,NULL,NULL
1988,'./GB_Files/IBPS/GOVERNING_BOARD_MEETING/0009','0009.pdf',NULL,NULL,NULL,NULL,NULL,NULL,NULL,NULL,NULL,NULL
1988,'./GB_Files/IBPS/GOVERNING_BOARD_MEETING/0008','0008.pdf',NULL,NULL,NULL,NULL,NULL,NULL,NULL,NULL,NULL,NULL
1988,'./GB_Files/IBPS/GOVERNING_BOARD_MEETING/0008','0008.pdf',NULL,NULL,NULL,NULL,NULL,NULL,NULL,NULL,NULL,NULL
1988,'./GB_Files/IBPS/GOVERNING_BOARD_MEETING/0009','0009.pdf',NULL,NULL,NULL,NULL,46,47,NULL,NULL,NULL,NULL
1988,'./GB_Files/IBPS/GOVERNING_BOARD_MEETING/0009','0009.pdf',NULL,NULL,NULL,NULL,59,80,NULL,NULL,NULL,NULL
1988,'./GB_Files/IBPS/GOVERNING_BOARD_MEETING/0008','0008.pdf',NULL,NULL,NULL,NULL,23,32,NULL,NULL,NULL,NULL
1988,'./GB_Files/IBPS/GOVERNING_BOARD_MEETING/0008','0008.pdf',NULL,NULL,NULL,NULL,71,75,NULL,NULL,NULL,NULL
1988,'./GB_Files/IBPS/GOVERNING_BOARD_MEETING/0009','0009.pdf',NULL,NULL,24,27,NULL,NULL,NULL,NULL,NULL,NULL
1988,'./GB_Files/IBPS/GOVERNING_BOARD_MEETING/0009','0009.pdf',NULL,NULL,NULL,NULL,NULL,NULL,NULL,NULL,NULL,NULL
1988,'./GB_Files/IBPS/GOVERNING_BOARD_MEETING/0008','0008.pdf',NULL,NULL,NULL,NULL,NULL,NULL,NULL,NULL,NULL,NULL
1988,'./GB_Files/IBPS/GOVERNING_BOARD_MEETING/0008','0008.pdf',NULL,NULL,NULL,NULL,NULL,NULL,NULL,NULL,NULL,NULL
1988,'./GB_Files/IBPS/GOVERNING_BOARD_MEETING/0009','0009.pdf',NULL,NULL,NULL,NULL,NULL,NULL,NULL,NULL,NULL,NULL
1988,'./GB_Files/IBPS/GOVERNING_BOARD_MEETING/0008','0008.pdf',NULL,NULL,NULL,NULL,NULL,NULL,NULL,NULL,NULL,NULL
1988,'./GB_Files/IBPS/GOVERNING_BOARD_MEETING/0008','0008.pdf',NULL,NULL,NULL,NULL,NULL,NULL,NULL,NULL,NULL,NULL
1989,'./GB_Files/IBPS/GOVERNING_BOARD_MEETING/0011','0011.pdf',NULL,NULL,NULL,NULL,NULL,NULL,NULL,NULL,NULL,NULL
1989,'./GB_Files/IBPS/GOVERNING_BOARD_MEETING/0010','0010.pdf',NULL,NULL,NULL,NULL,NULL,NULL,NULL,NULL,NULL,NULL
1989,'./GB_Files/IBPS/GOVERNING_BOARD_MEETING/0010','0010.pdf',NULL,NULL,NULL,NULL,NULL,NULL,NULL,NULL,NULL,NULL
1989,'./GB_Files/IBPS/GOVERNING_BOARD_MEETING/0011','0011.pdf',NULL,NULL,NULL,NULL,NULL,NULL,NULL,NULL,NULL,NULL
1989,'./GB_Files/IBPS/GOVERNING_BOARD_MEETING/0010','0010.pdf',NULL,NULL,NULL,NULL,NULL,NULL,NULL,NULL,NULL,NULL
1989,'./GB_Files/IBPS/GOVERNING_BOARD_MEETING/0010','0010.pdf',NULL,NULL,NULL,NULL,NULL,NULL,NULL,NULL,NULL,NULL
1989,'./GB_Files/IBPS/GOVERNING_BOARD_MEETING/0011','0011.pdf',NULL,NULL,NULL,NULL,107,108,NULL,NULL,NULL,NULL
1989,'./GB_Files/IBPS/GOVERNING_BOARD_MEETING/0010','0010.pdf',NULL,NULL,NULL,NULL,119,134,NULL,NULL,NULL,NULL
1989,'./GB_Files/IBPS/GOVERNING_BOARD_MEETING/0010','0010.pdf',NULL,NULL,NULL,NULL,198,202,NULL,NULL,NULL,NULL
1989,'./GB_Files/IBPS/GOVERNING_BOARD_MEETING/0011','0011.pdf',NULL,NULL,29,37,NULL,NULL,NULL,NULL,NULL,NULL
1989,'./GB_Files/IBPS/GOVERNING_BOARD_MEETING/0010','0010.pdf',NULL,NULL,60,67,NULL,NULL,NULL,NULL,NULL,NULL
1989,'./GB_Files/IBPS/GOVERNING_BOARD_MEETING/0010','0010.pdf',NULL,NULL,NULL,NULL,NULL,NULL,NULL,NULL,NULL,NULL
1989,'./GB_Files/IBPS/GOVERNING_BOARD_MEETING/0011','0011.pdf',65,73,NULL,NULL,NULL,NULL,NULL,NULL,NULL,NULL
1989,'./GB_Files/IBPS/GOVERNING_BOARD_MEETING/0010','0010.pdf',NULL,NULL,NULL,NULL,NULL,NULL,NULL,NULL,NULL,NULL
1989,'./GB_Files/IBPS/GOVERNING_BOARD_MEETING/0010','0010.pdf',NULL,NULL,NULL,NULL,NULL,NULL,NULL,NULL,NULL,NULL
1990,'./GB_Files/IBPS/GOVERNING_BOARD_MEETING/0013','0013.pdf',NULL,NULL,NULL,NULL,NULL,NULL,NULL,NULL,NULL,NULL
1990,'./GB_Files/IBPS/GOVERNING_BOARD_MEETING/0013','0013.pdf',NULL,NULL,NULL,NULL,NULL,NULL,NULL,NULL,NULL,NULL
1990,'./GB_Files/IBPS/GOVERNING_BOARD_MEETING/0012','0012.pdf',NULL,NULL,NULL,NULL,NULL,NULL,NULL,NULL,NULL,NULL
1990,'./GB_Files/IBPS/GOVERNING_BOARD_MEETING/0013','0013.pdf',NULL,NULL,NULL,NULL,NULL,NULL,NULL,NULL,NULL,NULL
1990,'./GB_Files/IBPS/GOVERNING_BOARD_MEETING/0013','0013.pdf',NULL,NULL,NULL,NULL,NULL,NULL,NULL,NULL,NULL,NULL
1990,'./GB_Files/IBPS/GOVERNING_BOARD_MEETING/0012','0012.pdf',NULL,NULL,NULL,NULL,NULL,NULL,NULL,NULL,NULL,NULL
1990,'./GB_Files/IBPS/GOVERNING_BOARD_MEETING/0013','0013.pdf',NULL,NULL,NULL,NULL,58,60,NULL,NULL,NULL,NULL
1990,'./GB_Files/IBPS/GOVERNING_BOARD_MEETING/0013','0013.pdf',NULL,NULL,NULL,NULL,85,90,NULL,NULL,NULL,NULL
1990,'./GB_Files/IBPS/GOVERNING_BOARD_MEETING/0012','0012.pdf',NULL,NULL,NULL,NULL,NULL,NULL,NULL,NULL,NULL,NULL
1990,'./GB_Files/IBPS/GOVERNING_BOARD_MEETING/0013','0013.pdf',NULL,NULL,NULL,NULL,NULL,NULL,NULL,NULL,NULL,NULL
1990,'./GB_Files/IBPS/GOVERNING_BOARD_MEETING/0013','0013.pdf',NULL,NULL,NULL,NULL,NULL,NULL,NULL,NULL,NULL,NULL
1990,'./GB_Files/IBPS/GOVERNING_BOARD_MEETING/0012','0012.pdf',NULL,NULL,34,38,NULL,NULL,NULL,NULL,NULL,NULL
1990,'./GB_Files/IBPS/GOVERNING_BOARD_MEETING/0013','0013.pdf',39,48,NULL,NULL,NULL,NULL,NULL,NULL,NULL,NULL
1990,'./GB_Files/IBPS/GOVERNING_BOARD_MEETING/0013','0013.pdf',NULL,NULL,NULL,NULL,NULL,NULL,NULL,NULL,NULL,NULL
1990,'./GB_Files/IBPS/GOVERNING_BOARD_MEETING/0012','0012.pdf',NULL,NULL,NULL,NULL,NULL,NULL,NULL,NULL,NULL,NULL
1991,'./GB_Files/IBPS/GOVERNING_BOARD_MEETING/0015','0015.pdf',NULL,NULL,NULL,NULL,NULL,NULL,NULL,NULL,NULL,NULL
1991,'./GB_Files/IBPS/GOVERNING_BOARD_MEETING/0014','0014.pdf',NULL,NULL,NULL,NULL,NULL,NULL,NULL,NULL,43,43
1991,'./GB_Files/IBPS/GOVERNING_BOARD_MEETING/0015','0015.pdf',NULL,NULL,NULL,NULL,NULL,NULL,NULL,NULL,NULL,NULL
1991,'./GB_Files/IBPS/GOVERNING_BOARD_MEETING/0014','0014.pdf',NULL,NULL,NULL,NULL,NULL,NULL,NULL,NULL,NULL,NULL
1991,'./GB_Files/IBPS/GOVERNING_BOARD_MEETING/0015','0015.pdf',NULL,NULL,NULL,NULL,NULL,NULL,NULL,NULL,NULL,NULL
1991,'./GB_Files/IBPS/GOVERNING_BOARD_MEETING/0014','0014.pdf',NULL,NULL,NULL,NULL,NULL,NULL,NULL,NULL,NULL,NULL
1991,'./GB_Files/IBPS/GOVERNING_BOARD_MEETING/0015','0015.pdf',NULL,NULL,18,22,NULL,NULL,NULL,NULL,NULL,NULL
1991,'./GB_Files/IBPS/GOVERNING_BOARD_MEETING/0014','0014.pdf',NULL,NULL,NULL,NULL,NULL,NULL,NULL,NULL,NULL,NULL
1991,'./GB_Files/IBPS/GOVERNING_BOARD_MEETING/0015','0015.pdf',NULL,NULL,NULL,NULL,NULL,NULL,NULL,NULL,NULL,NULL
1991,'./GB_Files/IBPS/GOVERNING_BOARD_MEETING/0014','0014.pdf',31,41,NULL,NULL,NULL,NULL,NULL,NULL,NULL,NULL
1992,'./GB_Files/IBPS/GOVERNING_BOARD_MEETING/0018','0018.pdf',NULL,NULL,NULL,NULL,NULL,NULL,NULL,NULL,NULL,NULL
1992,'./GB_Files/IBPS/GOVERNING_BOARD_MEETING/0018','0018.pdf',NULL,NULL,NULL,NULL,NULL,NULL,NULL,NULL,NULL,NULL
1992,'./GB_Files/IBPS/GOVERNING_BOARD_MEETING/0017','0017.pdf',NULL,NULL,NULL,NULL,NULL,NULL,NULL,NULL,NULL,NULL
1992,'./GB_Files/IBPS/GOVERNING_BOARD_MEETING/0016','0016.pdf',NULL,NULL,NULL,NULL,NULL,NULL,NULL,NULL,NULL,NULL
1992,'./GB_Files/IBPS/GOVERNING_BOARD_MEETING/0018','0018.pdf',NULL,NULL,NULL,NULL,NULL,NULL,NULL,NULL,NULL,NULL
1992,'./GB_Files/IBPS/GOVERNING_BOARD_MEETING/0018','0018.pdf',NULL,NULL,NULL,NULL,NULL,NULL,NULL,NULL,NULL,NULL
1992,'./GB_Files/IBPS/GOVERNING_BOARD_MEETING/0017','0017.pdf',NULL,NULL,NULL,NULL,NULL,NULL,NULL,NULL,NULL,NULL
1992,'./GB_Files/IBPS/GOVERNING_BOARD_MEETING/0016','0016.pdf',NULL,NULL,NULL,NULL,NULL,NULL,NULL,NULL,NULL,NULL
1992,'./GB_Files/IBPS/GOVERNING_BOARD_MEETING/0018','0018.pdf',NULL,NULL,NULL,NULL,51,52,NULL,NULL,NULL,NULL
1992,'./GB_Files/IBPS/GOVERNING_BOARD_MEETING/0018','0018.pdf',NULL,NULL,NULL,NULL,76,80,NULL,NULL,NULL,NULL
1992,'./GB_Files/IBPS/GOVERNING_BOARD_MEETING/0017','0017.pdf',NULL,NULL,NULL,NULL,45,56,NULL,NULL,NULL,NULL
1992,'./GB_Files/IBPS/GOVERNING_BOARD_MEETING/0016','0016.pdf',NULL,NULL,NULL,NULL,31,37,NULL,NULL,NULL,NULL
1992,'./GB_Files/IBPS/GOVERNING_BOARD_MEETING/0018','0018.pdf',NULL,NULL,24,29,NULL,NULL,NULL,NULL,NULL,NULL
1992,'./GB_Files/IBPS/GOVERNING_BOARD_MEETING/0018','0018.pdf',NULL,NULL,NULL,NULL,NULL,NULL,NULL,NULL,NULL,NULL
1992,'./GB_Files/IBPS/GOVERNING_BOARD_MEETING/0017','0017.pdf',NULL,NULL,35,36,NULL,NULL,NULL,NULL,NULL,NULL
1992,'./GB_Files/IBPS/GOVERNING_BOARD_MEETING/0016','0016.pdf',NULL,NULL,26,28,NULL,NULL,NULL,NULL,NULL,NULL
1992,'./GB_Files/IBPS/GOVERNING_BOARD_MEETING/0018','0018.pdf',37,45,NULL,NULL,NULL,NULL,NULL,NULL,NULL,NULL
1992,'./GB_Files/IBPS/GOVERNING_BOARD_MEETING/0018','0018.pdf',NULL,NULL,NULL,NULL,NULL,NULL,NULL,NULL,NULL,NULL
1992,'./GB_Files/IBPS/GOVERNING_BOARD_MEETING/0017','0017.pdf',NULL,NULL,NULL,NULL,NULL,NULL,NULL,NULL,NULL,NULL
1992,'./GB_Files/IBPS/GOVERNING_BOARD_MEETING/0016','0016.pdf',NULL,NULL,NULL,NULL,NULL,NULL,NULL,NULL,NULL,NULL
1993,'./GB_Files/IBPS/GOVERNING_BOARD_MEETING/0022','0022.pdf',NULL,NULL,NULL,NULL,NULL,NULL,NULL,NULL,30,30
1993,'./GB_Files/IBPS/GOVERNING_BOARD_MEETING/0022','0022.pdf',NULL,NULL,NULL,NULL,NULL,NULL,NULL,NULL,NULL,NULL
1993,'./GB_Files/IBPS/GOVERNING_BOARD_MEETING/0021','0021.pdf',NULL,NULL,NULL,NULL,NULL,NULL,NULL,NULL,NULL,NULL
1993,'./GB_Files/IBPS/GOVERNING_BOARD_MEETING/0020','0020.pdf',NULL,NULL,NULL,NULL,NULL,NULL,NULL,NULL,NULL,NULL
1993,'./GB_Files/IBPS/GOVERNING_BOARD_MEETING/0019','0019.pdf',NULL,NULL,NULL,NULL,NULL,NULL,NULL,NULL,NULL,NULL
1993,'./GB_Files/IBPS/GOVERNING_BOARD_MEETING/0022','0022.pdf',NULL,NULL,NULL,NULL,NULL,NULL,NULL,NULL,NULL,NULL
1993,'./GB_Files/IBPS/GOVERNING_BOARD_MEETING/0022','0022.pdf',NULL,NULL,NULL,NULL,NULL,NULL,NULL,NULL,NULL,NULL
1993,'./GB_Files/IBPS/GOVERNING_BOARD_MEETING/0021','0021.pdf',NULL,NULL,NULL,NULL,NULL,NULL,NULL,NULL,NULL,NULL
1993,'./GB_Files/IBPS/GOVERNING_BOARD_MEETING/0020','0020.pdf',NULL,NULL,NULL,NULL,NULL,NULL,NULL,NULL,NULL,NULL
1993,'./GB_Files/IBPS/GOVERNING_BOARD_MEETING/0019','0019.pdf',NULL,NULL,NULL,NULL,NULL,NULL,NULL,NULL,NULL,NULL
1993,'./GB_Files/IBPS/GOVERNING_BOARD_MEETING/0022','0022.pdf',NULL,NULL,NULL,NULL,31,43,NULL,NULL,NULL,NULL
1993,'./GB_Files/IBPS/GOVERNING_BOARD_MEETING/0022','0022.pdf',NULL,NULL,NULL,NULL,75,84,NULL,NULL,NULL,NULL
1993,'./GB_Files/IBPS/GOVERNING_BOARD_MEETING/0021','0021.pdf',NULL,NULL,NULL,NULL,NULL,NULL,NULL,NULL,NULL,NULL
1993,'./GB_Files/IBPS/GOVERNING_BOARD_MEETING/0020','0020.pdf',NULL,NULL,NULL,NULL,NULL,NULL,NULL,NULL,NULL,NULL
1993,'./GB_Files/IBPS/GOVERNING_BOARD_MEETING/0019','0019.pdf',NULL,NULL,NULL,NULL,62,64,NULL,NULL,NULL,NULL
1993,'./GB_Files/IBPS/GOVERNING_BOARD_MEETING/0022','0022.pdf',NULL,NULL,NULL,NULL,NULL,NULL,NULL,NULL,NULL,NULL
1993,'./GB_Files/IBPS/GOVERNING_BOARD_MEETING/0022','0022.pdf',NULL,NULL,NULL,NULL,NULL,NULL,NULL,NULL,NULL,NULL
1993,'./GB_Files/IBPS/GOVERNING_BOARD_MEETING/0021','0021.pdf',NULL,NULL,13,17,NULL,NULL,NULL,NULL,NULL,NULL
1993,'./GB_Files/IBPS/GOVERNING_BOARD_MEETING/0020','0020.pdf',NULL,NULL,NULL,NULL,NULL,NULL,NULL,NULL,NULL,NULL
1993,'./GB_Files/IBPS/GOVERNING_BOARD_MEETING/0019','0019.pdf',NULL,NULL,13,14,NULL,NULL,NULL,NULL,NULL,NULL
1993,'./GB_Files/IBPS/GOVERNING_BOARD_MEETING/0022','0022.pdf',51,62,NULL,NULL,NULL,NULL,NULL,NULL,NULL,NULL
1993,'./GB_Files/IBPS/GOVERNING_BOARD_MEETING/0022','0022.pdf',NULL,NULL,NULL,NULL,NULL,NULL,NULL,NULL,NULL,NULL
1993,'./GB_Files/IBPS/GOVERNING_BOARD_MEETING/0021','0021.pdf',55,66,NULL,NULL,NULL,NULL,NULL,NULL,NULL,NULL
1993,'./GB_Files/IBPS/GOVERNING_BOARD_MEETING/0020','0020.pdf',NULL,NULL,NULL,NULL,NULL,NULL,NULL,NULL,NULL,NULL
1993,'./GB_Files/IBPS/GOVERNING_BOARD_MEETING/0019','0019.pdf',NULL,NULL,NULL,NULL,NULL,NULL,NULL,NULL,NULL,NULL
1994,'./GB_Files/IBPS/GOVERNING_BOARD_MEETING/0024','0024.pdf',NULL,NULL,NULL,NULL,NULL,NULL,NULL,NULL,NULL,NULL
1994,'./GB_Files/IBPS/GOVERNING_BOARD_MEETING/0024','0024.pdf',NULL,NULL,NULL,NULL,NULL,NULL,NULL,NULL,NULL,NULL
1994,'./GB_Files/IBPS/GOVERNING_BOARD_MEETING/0024','0024.pdf',NULL,NULL,NULL,NULL,NULL,NULL,NULL,NULL,NULL,NULL
1994,'./GB_Files/IBPS/GOVERNING_BOARD_MEETING/0023','0023.pdf',NULL,NULL,NULL,NULL,NULL,NULL,NULL,NULL,NULL,NULL
1994,'./GB_Files/IBPS/GOVERNING_BOARD_MEETING/0024','0024.pdf',NULL,NULL,NULL,NULL,NULL,NULL,NULL,NULL,NULL,NULL
1994,'./GB_Files/IBPS/GOVERNING_BOARD_MEETING/0024','0024.pdf',NULL,NULL,NULL,NULL,NULL,NULL,NULL,NULL,NULL,NULL
1994,'./GB_Files/IBPS/GOVERNING_BOARD_MEETING/0024','0024.pdf',NULL,NULL,NULL,NULL,NULL,NULL,NULL,NULL,NULL,NULL
1994,'./GB_Files/IBPS/GOVERNING_BOARD_MEETING/0023','0023.pdf',NULL,NULL,NULL,NULL,NULL,NULL,NULL,NULL,NULL,NULL
1994,'./GB_Files/IBPS/GOVERNING_BOARD_MEETING/0024','0024.pdf',NULL,NULL,NULL,NULL,124,125,NULL,NULL,NULL,NULL
1994,'./GB_Files/IBPS/GOVERNING_BOARD_MEETING/0024','0024.pdf',NULL,NULL,NULL,NULL,162,162,NULL,NULL,NULL,NULL
1994,'./GB_Files/IBPS/GOVERNING_BOARD_MEETING/0024','0024.pdf',NULL,NULL,NULL,NULL,168,173,NULL,NULL,NULL,NULL
1994,'./GB_Files/IBPS/GOVERNING_BOARD_MEETING/0023','0023.pdf',NULL,NULL,NULL,NULL,66,68,NULL,NULL,NULL,NULL
1994,'./GB_Files/IBPS/GOVERNING_BOARD_MEETING/0024','0024.pdf',NULL,NULL,NULL,NULL,NULL,NULL,NULL,NULL,NULL,NULL
1994,'./GB_Files/IBPS/GOVERNING_BOARD_MEETING/0024','0024.pdf',NULL,NULL,NULL,NULL,NULL,NULL,NULL,NULL,NULL,NULL
1994,'./GB_Files/IBPS/GOVERNING_BOARD_MEETING/0024','0024.pdf',NULL,NULL,NULL,NULL,NULL,NULL,NULL,NULL,NULL,NULL
1994,'./GB_Files/IBPS/GOVERNING_BOARD_MEETING/0023','0023.pdf',NULL,NULL,NULL,NULL,NULL,NULL,NULL,NULL,NULL,NULL
1994,'./GB_Files/IBPS/GOVERNING_BOARD_MEETING/0024','0024.pdf',138,155,NULL,NULL,NULL,NULL,NULL,NULL,NULL,NULL
1994,'./GB_Files/IBPS/GOVERNING_BOARD_MEETING/0024','0024.pdf',NULL,NULL,NULL,NULL,NULL,NULL,NULL,NULL,NULL,NULL
1994,'./GB_Files/IBPS/GOVERNING_BOARD_MEETING/0024','0024.pdf',NULL,NULL,NULL,NULL,NULL,NULL,NULL,NULL,NULL,NULL
1994,'./GB_Files/IBPS/GOVERNING_BOARD_MEETING/0023','0023.pdf',NULL,NULL,NULL,NULL,NULL,NULL,NULL,NULL,NULL,NULL
1995,'./GB_Files/IBPS/GOVERNING_BOARD_MEETING/0026','0026.pdf',NULL,NULL,NULL,NULL,NULL,NULL,NULL,NULL,NULL,NULL
1995,'./GB_Files/IBPS/GOVERNING_BOARD_MEETING/0025','0025.pdf',NULL,NULL,NULL,NULL,NULL,NULL,NULL,NULL,NULL,NULL
1995,'./GB_Files/IBPS/GOVERNING_BOARD_MEETING/0026','0026.pdf',NULL,NULL,NULL,NULL,NULL,NULL,NULL,NULL,NULL,NULL
1995,'./GB_Files/IBPS/GOVERNING_BOARD_MEETING/0025','0025.pdf',NULL,NULL,NULL,NULL,NULL,NULL,NULL,NULL,NULL,NULL
1995,'./GB_Files/IBPS/GOVERNING_BOARD_MEETING/0026','0026.pdf',NULL,NULL,NULL,NULL,NULL,NULL,NULL,NULL,NULL,NULL
1995,'./GB_Files/IBPS/GOVERNING_BOARD_MEETING/0025','0025.pdf',NULL,NULL,NULL,NULL,85,95,NULL,NULL,NULL,NULL
1995,'./GB_Files/IBPS/GOVERNING_BOARD_MEETING/0026','0026.pdf',NULL,NULL,NULL,NULL,NULL,NULL,NULL,NULL,NULL,NULL
1995,'./GB_Files/IBPS/GOVERNING_BOARD_MEETING/0025','0025.pdf',NULL,NULL,18,23,NULL,NULL,NULL,NULL,NULL,NULL
1995,'./GB_Files/IBPS/GOVERNING_BOARD_MEETING/0026','0026.pdf',119,133,NULL,NULL,NULL,NULL,NULL,NULL,NULL,NULL
1995,'./GB_Files/IBPS/GOVERNING_BOARD_MEETING/0025','0025.pdf',NULL,NULL,NULL,NULL,NULL,NULL,NULL,NULL,NULL,NULL
1996,'./GB_Files/IBPS/GOVERNING_BOARD_MEETING/0029','0029.pdf',NULL,NULL,NULL,NULL,NULL,NULL,NULL,NULL,NULL,NULL
1996,'./GB_Files/IBPS/GOVERNING_BOARD_MEETING/0028','0028.pdf',NULL,NULL,NULL,NULL,NULL,NULL,NULL,NULL,NULL,NULL
1996,'./GB_Files/IBPS/GOVERNING_BOARD_MEETING/0027','0027.pdf',NULL,NULL,NULL,NULL,NULL,NULL,NULL,NULL,NULL,NULL
1996,'./GB_Files/IBPS/GOVERNING_BOARD_MEETING/0029','0029.pdf',NULL,NULL,NULL,NULL,NULL,NULL,NULL,NULL,NULL,NULL
1996,'./GB_Files/IBPS/GOVERNING_BOARD_MEETING/0028','0028.pdf',NULL,NULL,NULL,NULL,NULL,NULL,NULL,NULL,NULL,NULL
1996,'./GB_Files/IBPS/GOVERNING_BOARD_MEETING/0027','0027.pdf',NULL,NULL,NULL,NULL,NULL,NULL,NULL,NULL,NULL,NULL
1996,'./GB_Files/IBPS/GOVERNING_BOARD_MEETING/0029','0029.pdf',NULL,NULL,NULL,NULL,NULL,NULL,NULL,NULL,NULL,NULL
1996,'./GB_Files/IBPS/GOVERNING_BOARD_MEETING/0028','0028.pdf',NULL,NULL,NULL,NULL,25,31,NULL,NULL,NULL,NULL
1996,'./GB_Files/IBPS/GOVERNING_BOARD_MEETING/0027','0027.pdf',NULL,NULL,NULL,NULL,31,31,NULL,NULL,NULL,NULL
1996,'./GB_Files/IBPS/GOVERNING_BOARD_MEETING/0029','0029.pdf',NULL,NULL,102,103,NULL,NULL,NULL,NULL,NULL,NULL
1996,'./GB_Files/IBPS/GOVERNING_BOARD_MEETING/0028','0028.pdf',NULL,NULL,NULL,NULL,NULL,NULL,NULL,NULL,NULL,NULL
1996,'./GB_Files/IBPS/GOVERNING_BOARD_MEETING/0027','0027.pdf',NULL,NULL,NULL,NULL,NULL,NULL,NULL,NULL,NULL,NULL
1996,'./GB_Files/IBPS/GOVERNING_BOARD_MEETING/0029','0029.pdf',22,29,NULL,NULL,NULL,NULL,NULL,NULL,NULL,NULL
1996,'./GB_Files/IBPS/GOVERNING_BOARD_MEETING/0028','0028.pdf',NULL,NULL,NULL,NULL,NULL,NULL,NULL,NULL,NULL,NULL
1996,'./GB_Files/IBPS/GOVERNING_BOARD_MEETING/0027','0027.pdf',NULL,NULL,NULL,NULL,NULL,NULL,NULL,NULL,NULL,NULL
1997,'./GB_Files/IBPS/GOVERNING_BOARD_MEETING/0031','0031.pdf',NULL,NULL,NULL,NULL,NULL,NULL,NULL,NULL,NULL,NULL
1997,'./GB_Files/IBPS/GOVERNING_BOARD_MEETING/0031','0031.pdf',NULL,NULL,NULL,NULL,NULL,NULL,NULL,NULL,NULL,NULL
1997,'./GB_Files/IBPS/GOVERNING_BOARD_MEETING/0030','0030.pdf',NULL,NULL,NULL,NULL,NULL,NULL,NULL,NULL,NULL,NULL
1997,'./GB_Files/IBPS/GOVERNING_BOARD_MEETING/0031','0031.pdf',NULL,NULL,NULL,NULL,NULL,NULL,NULL,NULL,NULL,NULL
1997,'./GB_Files/IBPS/GOVERNING_BOARD_MEETING/0031','0031.pdf',NULL,NULL,NULL,NULL,NULL,NULL,NULL,NULL,NULL,NULL
1997,'./GB_Files/IBPS/GOVERNING_BOARD_MEETING/0030','0030.pdf',NULL,NULL,NULL,NULL,NULL,NULL,NULL,NULL,NULL,NULL
1997,'./GB_Files/IBPS/GOVERNING_BOARD_MEETING/0031','0031.pdf',NULL,NULL,NULL,NULL,56,65,NULL,NULL,NULL,NULL
1997,'./GB_Files/IBPS/GOVERNING_BOARD_MEETING/0031','0031.pdf',NULL,NULL,NULL,NULL,71,84,NULL,NULL,NULL,NULL
1997,'./GB_Files/IBPS/GOVERNING_BOARD_MEETING/0030','0030.pdf',NULL,NULL,NULL,NULL,NULL,NULL,NULL,NULL,NULL,NULL
1997,'./GB_Files/IBPS/GOVERNING_BOARD_MEETING/0031','0031.pdf',NULL,NULL,22,NULL,NULL,NULL,NULL,NULL,NULL,NULL
1997,'./GB_Files/IBPS/GOVERNING_BOARD_MEETING/0031','0031.pdf',NULL,NULL,NULL,NULL,NULL,NULL,NULL,NULL,NULL,NULL
1997,'./GB_Files/IBPS/GOVERNING_BOARD_MEETING/0030','0030.pdf',NULL,NULL,23,23,NULL,NULL,NULL,NULL,NULL,NULL
1997,'./GB_Files/IBPS/GOVERNING_BOARD_MEETING/0031','0031.pdf',NULL,NULL,NULL,NULL,NULL,NULL,NULL,NULL,NULL,NULL
1997,'./GB_Files/IBPS/GOVERNING_BOARD_MEETING/0031','0031.pdf',NULL,NULL,NULL,NULL,NULL,NULL,NULL,NULL,NULL,NULL
1997,'./GB_Files/IBPS/GOVERNING_BOARD_MEETING/0030','0030.pdf',26,33,NULL,NULL,NULL,NULL,NULL,NULL,NULL,NULL
1998,'./GB_Files/IBPS/GOVERNING_BOARD_MEETING/0033','0033.pdf',NULL,NULL,NULL,NULL,NULL,NULL,NULL,NULL,NULL,NULL
1998,'./GB_Files/IBPS/GOVERNING_BOARD_MEETING/0033','0033.pdf',NULL,NULL,NULL,NULL,NULL,NULL,NULL,NULL,NULL,NULL
1998,'./GB_Files/IBPS/GOVERNING_BOARD_MEETING/0032','0032.pdf',NULL,NULL,NULL,NULL,NULL,NULL,NULL,NULL,NULL,NULL
1998,'./GB_Files/IBPS/GOVERNING_BOARD_MEETING/0033','0033.pdf',NULL,NULL,NULL,NULL,NULL,NULL,NULL,NULL,NULL,NULL
1998,'./GB_Files/IBPS/GOVERNING_BOARD_MEETING/0033','0033.pdf',NULL,NULL,NULL,NULL,NULL,NULL,NULL,NULL,NULL,NULL
1998,'./GB_Files/IBPS/GOVERNING_BOARD_MEETING/0032','0032.pdf',NULL,NULL,NULL,NULL,NULL,NULL,NULL,NULL,NULL,NULL
1998,'./GB_Files/IBPS/GOVERNING_BOARD_MEETING/0033','0033.pdf',NULL,NULL,NULL,NULL,77,96,NULL,NULL,NULL,NULL
1998,'./GB_Files/IBPS/GOVERNING_BOARD_MEETING/0033','0033.pdf',NULL,NULL,NULL,NULL,133,140,NULL,NULL,NULL,NULL
1998,'./GB_Files/IBPS/GOVERNING_BOARD_MEETING/0032','0032.pdf',NULL,NULL,NULL,NULL,NULL,NULL,NULL,NULL,NULL,NULL
1998,'./GB_Files/IBPS/GOVERNING_BOARD_MEETING/0033','0033.pdf',NULL,NULL,23,31,NULL,NULL,NULL,NULL,NULL,NULL
1998,'./GB_Files/IBPS/GOVERNING_BOARD_MEETING/0033','0033.pdf',NULL,NULL,NULL,NULL,NULL,NULL,NULL,NULL,NULL,NULL
1998,'./GB_Files/IBPS/GOVERNING_BOARD_MEETING/0032','0032.pdf',NULL,NULL,72,72,NULL,NULL,NULL,NULL,NULL,NULL
1998,'./GB_Files/IBPS/GOVERNING_BOARD_MEETING/0033','0033.pdf',NULL,NULL,NULL,NULL,NULL,NULL,NULL,NULL,NULL,NULL
1998,'./GB_Files/IBPS/GOVERNING_BOARD_MEETING/0033','0033.pdf',NULL,NULL,NULL,NULL,NULL,NULL,NULL,NULL,NULL,NULL
1998,'./GB_Files/IBPS/GOVERNING_BOARD_MEETING/0032','0032.pdf',33,40,NULL,NULL,NULL,NULL,NULL,NULL,NULL,NULL
1999,'./GB_Files/IBPS/GOVERNING_BOARD_MEETING/0035','0035.pdf',NULL,NULL,NULL,NULL,NULL,NULL,NULL,NULL,NULL,NULL
1999,'./GB_Files/IBPS/GOVERNING_BOARD_MEETING/0034','0034.pdf',NULL,NULL,NULL,NULL,NULL,NULL,NULL,NULL,NULL,NULL
1999,'./GB_Files/IBPS/GOVERNING_BOARD_MEETING/0034','0034.pdf',NULL,NULL,NULL,NULL,NULL,NULL,NULL,NULL,NULL,NULL
1999,'./GB_Files/IBPS/GOVERNING_BOARD_MEETING/0035','0035.pdf',NULL,NULL,NULL,NULL,NULL,NULL,NULL,NULL,NULL,NULL
1999,'./GB_Files/IBPS/GOVERNING_BOARD_MEETING/0034','0034.pdf',NULL,NULL,NULL,NULL,NULL,NULL,NULL,NULL,NULL,NULL
1999,'./GB_Files/IBPS/GOVERNING_BOARD_MEETING/0034','0034.pdf',NULL,NULL,NULL,NULL,NULL,NULL,NULL,NULL,NULL,NULL
1999,'./GB_Files/IBPS/GOVERNING_BOARD_MEETING/0035','0035.pdf',NULL,NULL,NULL,NULL,NULL,NULL,NULL,NULL,NULL,NULL
1999,'./GB_Files/IBPS/GOVERNING_BOARD_MEETING/0034','0034.pdf',NULL,NULL,NULL,NULL,42,49,NULL,NULL,NULL,NULL
1999,'./GB_Files/IBPS/GOVERNING_BOARD_MEETING/0034','0034.pdf',NULL,NULL,NULL,NULL,72,83,NULL,NULL,NULL,NULL
1999,'./GB_Files/IBPS/GOVERNING_BOARD_MEETING/0035','0035.pdf',NULL,NULL,NULL,NULL,NULL,NULL,NULL,NULL,NULL,NULL
1999,'./GB_Files/IBPS/GOVERNING_BOARD_MEETING/0034','0034.pdf',NULL,NULL,NULL,NULL,NULL,NULL,NULL,NULL,NULL,NULL
1999,'./GB_Files/IBPS/GOVERNING_BOARD_MEETING/0034','0034.pdf',NULL,NULL,NULL,NULL,NULL,NULL,NULL,NULL,NULL,NULL
1999,'./GB_Files/IBPS/GOVERNING_BOARD_MEETING/0035','0035.pdf',NULL,NULL,NULL,NULL,NULL,NULL,NULL,NULL,NULL,NULL
1999,'./GB_Files/IBPS/GOVERNING_BOARD_MEETING/0034','0034.pdf',52,62,NULL,NULL,NULL,NULL,NULL,NULL,NULL,NULL
1999,'./GB_Files/IBPS/GOVERNING_BOARD_MEETING/0034','0034.pdf',NULL,NULL,NULL,NULL,NULL,NULL,NULL,NULL,NULL,NULL
2000,'./GB_Files/IBPS/GOVERNING_BOARD_MEETING/0038','0038.pdf',NULL,NULL,NULL,NULL,NULL,NULL,NULL,NULL,NULL,NULL
2000,'./GB_Files/IBPS/GOVERNING_BOARD_MEETING/0037','0037.pdf',NULL,NULL,NULL,NULL,NULL,NULL,NULL,NULL,42,43
2000,'./GB_Files/IBPS/GOVERNING_BOARD_MEETING/0036','0036.pdf',NULL,NULL,NULL,NULL,NULL,NULL,NULL,NULL,NULL,NULL
2000,'./GB_Files/IBPS/GOVERNING_BOARD_MEETING/0038','0038.pdf',NULL,NULL,NULL,NULL,NULL,NULL,NULL,NULL,NULL,NULL
2000,'./GB_Files/IBPS/GOVERNING_BOARD_MEETING/0037','0037.pdf',NULL,NULL,NULL,NULL,NULL,NULL,NULL,NULL,NULL,NULL
2000,'./GB_Files/IBPS/GOVERNING_BOARD_MEETING/0036','0036.pdf',NULL,NULL,NULL,NULL,NULL,NULL,NULL,NULL,NULL,NULL
2000,'./GB_Files/IBPS/GOVERNING_BOARD_MEETING/0038','0038.pdf',NULL,NULL,NULL,NULL,NULL,NULL,NULL,NULL,NULL,NULL
2000,'./GB_Files/IBPS/GOVERNING_BOARD_MEETING/0037','0037.pdf',NULL,NULL,NULL,NULL,NULL,NULL,NULL,NULL,NULL,NULL
2000,'./GB_Files/IBPS/GOVERNING_BOARD_MEETING/0036','0036.pdf',NULL,NULL,NULL,NULL,29,NULL,NULL,NULL,NULL,NULL
2000,'./GB_Files/IBPS/GOVERNING_BOARD_MEETING/0038','0038.pdf',NULL,NULL,NULL,NULL,NULL,NULL,NULL,NULL,NULL,NULL
2000,'./GB_Files/IBPS/GOVERNING_BOARD_MEETING/0037','0037.pdf',NULL,NULL,NULL,NULL,NULL,NULL,NULL,NULL,NULL,NULL
2000,'./GB_Files/IBPS/GOVERNING_BOARD_MEETING/0036','0036.pdf',NULL,NULL,18,19,NULL,NULL,NULL,NULL,NULL,NULL
2000,'./GB_Files/IBPS/GOVERNING_BOARD_MEETING/0038','0038.pdf',NULL,NULL,NULL,NULL,NULL,NULL,NULL,NULL,NULL,NULL
2000,'./GB_Files/IBPS/GOVERNING_BOARD_MEETING/0037','0037.pdf',NULL,NULL,NULL,NULL,NULL,NULL,NULL,NULL,NULL,NULL
2000,'./GB_Files/IBPS/GOVERNING_BOARD_MEETING/0036','0036.pdf',50,60,NULL,NULL,NULL,NULL,NULL,NULL,NULL,NULL
2001,'./GB_Files/IBPS/GOVERNING_BOARD_MEETING/0041','0041.pdf',NULL,NULL,NULL,NULL,NULL,NULL,NULL,NULL,NULL,NULL
2001,'./GB_Files/IBPS/GOVERNING_BOARD_MEETING/0040','0040.pdf',NULL,NULL,NULL,NULL,NULL,NULL,NULL,NULL,NULL,NULL
2001,'./GB_Files/IBPS/GOVERNING_BOARD_MEETING/0039','0039.pdf',NULL,NULL,NULL,NULL,NULL,NULL,NULL,NULL,NULL,NULL
2001,'./GB_Files/IBPS/GOVERNING_BOARD_MEETING/0041','0041.pdf',NULL,NULL,NULL,NULL,NULL,NULL,NULL,NULL,NULL,NULL
2001,'./GB_Files/IBPS/GOVERNING_BOARD_MEETING/0040','0040.pdf',NULL,NULL,NULL,NULL,NULL,NULL,NULL,NULL,NULL,NULL
2001,'./GB_Files/IBPS/GOVERNING_BOARD_MEETING/0039','0039.pdf',NULL,NULL,NULL,NULL,NULL,NULL,NULL,NULL,NULL,NULL
2001,'./GB_Files/IBPS/GOVERNING_BOARD_MEETING/0041','0041.pdf',NULL,NULL,NULL,NULL,NULL,NULL,NULL,NULL,NULL,NULL
2001,'./GB_Files/IBPS/GOVERNING_BOARD_MEETING/0040','0040.pdf',NULL,NULL,NULL,NULL,NULL,NULL,NULL,NULL,NULL,NULL
2001,'./GB_Files/IBPS/GOVERNING_BOARD_MEETING/0039','0039.pdf',NULL,NULL,NULL,NULL,NULL,NULL,NULL,NULL,NULL,NULL
2001,'./GB_Files/IBPS/GOVERNING_BOARD_MEETING/0041','0041.pdf',NULL,NULL,NULL,NULL,NULL,NULL,NULL,NULL,NULL,NULL
2001,'./GB_Files/IBPS/GOVERNING_BOARD_MEETING/0040','0040.pdf',NULL,NULL,21,21,NULL,NULL,NULL,NULL,NULL,NULL
2001,'./GB_Files/IBPS/GOVERNING_BOARD_MEETING/0039','0039.pdf',NULL,NULL,NULL,NULL,NULL,NULL,NULL,NULL,NULL,NULL
2001,'./GB_Files/IBPS/GOVERNING_BOARD_MEETING/0041','0041.pdf',NULL,NULL,NULL,NULL,NULL,NULL,NULL,NULL,NULL,NULL
2001,'./GB_Files/IBPS/GOVERNING_BOARD_MEETING/0040','0040.pdf',25,30,NULL,NULL,NULL,NULL,NULL,NULL,NULL,NULL
2001,'./GB_Files/IBPS/GOVERNING_BOARD_MEETING/0039','0039.pdf',NULL,NULL,NULL,NULL,NULL,NULL,NULL,NULL,NULL,NULL
2002,'./GB_Files/IBPS/GOVERNING_BOARD_MEETING/0043','0043.pdf',NULL,NULL,NULL,NULL,NULL,NULL,NULL,NULL,NULL,NULL
2002,'./GB_Files/IBPS/GOVERNING_BOARD_MEETING/0042','0042.pdf',NULL,NULL,NULL,NULL,NULL,NULL,NULL,NULL,NULL,NULL
2002,'./GB_Files/IBPS/GOVERNING_BOARD_MEETING/0043','0043.pdf',NULL,NULL,NULL,NULL,NULL,NULL,NULL,NULL,NULL,NULL
2002,'./GB_Files/IBPS/GOVERNING_BOARD_MEETING/0042','0042.pdf',NULL,NULL,NULL,NULL,NULL,NULL,NULL,NULL,NULL,NULL
2002,'./GB_Files/IBPS/GOVERNING_BOARD_MEETING/0043','0043.pdf',NULL,NULL,NULL,NULL,NULL,NULL,NULL,NULL,NULL,NULL
2002,'./GB_Files/IBPS/GOVERNING_BOARD_MEETING/0042','0042.pdf',NULL,NULL,NULL,NULL,NULL,NULL,NULL,NULL,NULL,NULL
2002,'./GB_Files/IBPS/GOVERNING_BOARD_MEETING/0043','0043.pdf',NULL,NULL,NULL,NULL,NULL,NULL,NULL,NULL,NULL,NULL
2002,'./GB_Files/IBPS/GOVERNING_BOARD_MEETING/0042','0042.pdf',NULL,NULL,NULL,NULL,NULL,NULL,NULL,NULL,NULL,NULL
2002,'./GB_Files/IBPS/GOVERNING_BOARD_MEETING/0043','0043.pdf',26,33,NULL,NULL,NULL,NULL,NULL,NULL,NULL,NULL
2002,'./GB_Files/IBPS/GOVERNING_BOARD_MEETING/0042','0042.pdf',NULL,NULL,NULL,NULL,NULL,NULL,NULL,NULL,NULL,NULL
2003,'./GB_Files/IBPS/GOVERNING_BOARD_MEETING/0046','0046.pdf',NULL,NULL,NULL,NULL,NULL,NULL,NULL,NULL,NULL,NULL
2003,'./GB_Files/IBPS/GOVERNING_BOARD_MEETING/0045','0045.pdf',NULL,NULL,NULL,NULL,NULL,NULL,NULL,NULL,NULL,NULL
2003,'./GB_Files/IBPS/GOVERNING_BOARD_MEETING/0045','0045.pdf',NULL,NULL,NULL,NULL,NULL,NULL,NULL,NULL,NULL,NULL
2003,'./GB_Files/IBPS/GOVERNING_BOARD_MEETING/0044','0044.pdf',NULL,NULL,NULL,NULL,NULL,NULL,NULL,NULL,NULL,NULL
2003,'./GB_Files/IBPS/GOVERNING_BOARD_MEETING/0046','0046.pdf',NULL,NULL,NULL,NULL,NULL,NULL,NULL,NULL,NULL,NULL
2003,'./GB_Files/IBPS/GOVERNING_BOARD_MEETING/0045','0045.pdf',NULL,NULL,NULL,NULL,NULL,NULL,NULL,NULL,NULL,NULL
2003,'./GB_Files/IBPS/GOVERNING_BOARD_MEETING/0045','0045.pdf',NULL,NULL,NULL,NULL,NULL,NULL,NULL,NULL,NULL,NULL
2003,'./GB_Files/IBPS/GOVERNING_BOARD_MEETING/0044','0044.pdf',NULL,NULL,NULL,NULL,NULL,NULL,NULL,NULL,NULL,NULL
2003,'./GB_Files/IBPS/GOVERNING_BOARD_MEETING/0046','0046.pdf',NULL,NULL,NULL,NULL,NULL,NULL,NULL,NULL,NULL,NULL
2003,'./GB_Files/IBPS/GOVERNING_BOARD_MEETING/0045','0045.pdf',NULL,NULL,NULL,NULL,62,67,NULL,NULL,NULL,NULL
2003,'./GB_Files/IBPS/GOVERNING_BOARD_MEETING/0045','0045.pdf',NULL,NULL,NULL,NULL,150,159,NULL,NULL,NULL,NULL
2003,'./GB_Files/IBPS/GOVERNING_BOARD_MEETING/0044','0044.pdf',NULL,NULL,NULL,NULL,35,37,NULL,NULL,NULL,NULL
2003,'./GB_Files/IBPS/GOVERNING_BOARD_MEETING/0046','0046.pdf',NULL,NULL,NULL,NULL,NULL,NULL,NULL,NULL,NULL,NULL
2003,'./GB_Files/IBPS/GOVERNING_BOARD_MEETING/0045','0045.pdf',NULL,NULL,22,NULL,NULL,NULL,NULL,NULL,NULL,NULL
2003,'./GB_Files/IBPS/GOVERNING_BOARD_MEETING/0045','0045.pdf',NULL,NULL,NULL,NULL,NULL,NULL,NULL,NULL,NULL,NULL
2003,'./GB_Files/IBPS/GOVERNING_BOARD_MEETING/0044','0044.pdf',NULL,NULL,18,19,NULL,NULL,NULL,NULL,NULL,NULL
2003,'./GB_Files/IBPS/GOVERNING_BOARD_MEETING/0046','0046.pdf',NULL,NULL,NULL,NULL,NULL,NULL,NULL,NULL,NULL,NULL
2003,'./GB_Files/IBPS/GOVERNING_BOARD_MEETING/0045','0045.pdf',37,44,NULL,NULL,NULL,NULL,NULL,NULL,NULL,NULL
2003,'./GB_Files/IBPS/GOVERNING_BOARD_MEETING/0045','0045.pdf',NULL,NULL,NULL,NULL,NULL,NULL,NULL,NULL,NULL,NULL
2003,'./GB_Files/IBPS/GOVERNING_BOARD_MEETING/0044','0044.pdf',NULL,NULL,NULL,NULL,NULL,NULL,NULL,NULL,NULL,NULL
2004,'./GB_Files/IBPS/GOVERNING_BOARD_MEETING/0049','0049.pdf',NULL,NULL,NULL,NULL,NULL,NULL,NULL,NULL,NULL,NULL
2004,'./GB_Files/IBPS/GOVERNING_BOARD_MEETING/0048','0048.pdf',NULL,NULL,NULL,NULL,NULL,NULL,NULL,NULL,NULL,NULL
2004,'./GB_Files/IBPS/GOVERNING_BOARD_MEETING/0047','0047.pdf',NULL,NULL,NULL,NULL,NULL,NULL,NULL,NULL,NULL,NULL
2004,'./GB_Files/IBPS/GOVERNING_BOARD_MEETING/0049','0049.pdf',NULL,NULL,NULL,NULL,NULL,NULL,NULL,NULL,NULL,NULL
2004,'./GB_Files/IBPS/GOVERNING_BOARD_MEETING/0048','0048.pdf',NULL,NULL,NULL,NULL,NULL,NULL,NULL,NULL,NULL,NULL
2004,'./GB_Files/IBPS/GOVERNING_BOARD_MEETING/0047','0047.pdf',NULL,NULL,NULL,NULL,NULL,NULL,NULL,NULL,NULL,NULL
2004,'./GB_Files/IBPS/GOVERNING_BOARD_MEETING/0049','0049.pdf',NULL,NULL,NULL,NULL,53,54,NULL,NULL,NULL,NULL
2004,'./GB_Files/IBPS/GOVERNING_BOARD_MEETING/0048','0048.pdf',NULL,NULL,NULL,NULL,99,100,NULL,NULL,NULL,NULL
2004,'./GB_Files/IBPS/GOVERNING_BOARD_MEETING/0047','0047.pdf',NULL,NULL,NULL,NULL,NULL,NULL,NULL,NULL,NULL,NULL
2004,'./GB_Files/IBPS/GOVERNING_BOARD_MEETING/0049','0049.pdf',NULL,NULL,NULL,NULL,NULL,NULL,NULL,NULL,NULL,NULL
2004,'./GB_Files/IBPS/GOVERNING_BOARD_MEETING/0048','0048.pdf',NULL,NULL,NULL,NULL,NULL,NULL,NULL,NULL,NULL,NULL
2004,'./GB_Files/IBPS/GOVERNING_BOARD_MEETING/0047','0047.pdf',NULL,NULL,NULL,NULL,NULL,NULL,NULL,NULL,NULL,NULL
2004,'./GB_Files/IBPS/GOVERNING_BOARD_MEETING/0049','0049.pdf',26,34,NULL,NULL,NULL,NULL,NULL,NULL,NULL,NULL
2004,'./GB_Files/IBPS/GOVERNING_BOARD_MEETING/0048','0048.pdf',NULL,NULL,NULL,NULL,NULL,NULL,NULL,NULL,NULL,NULL
2004,'./GB_Files/IBPS/GOVERNING_BOARD_MEETING/0047','0047.pdf',NULL,NULL,NULL,NULL,NULL,NULL,NULL,NULL,NULL,NULL
2005,'./GB_Files/IBPS/GOVERNING_BOARD_MEETING/0053','0053.pdf',NULL,NULL,NULL,NULL,NULL,NULL,NULL,NULL,NULL,NULL
2005,'./GB_Files/IBPS/GOVERNING_BOARD_MEETING/0052','0052.pdf',NULL,NULL,NULL,NULL,NULL,NULL,NULL,NULL,NULL,NULL
2005,'./GB_Files/IBPS/GOVERNING_BOARD_MEETING/0051','0051.pdf',NULL,NULL,NULL,NULL,NULL,NULL,NULL,NULL,NULL,NULL
2005,'./GB_Files/IBPS/GOVERNING_BOARD_MEETING/0050','0050.pdf',NULL,NULL,NULL,NULL,NULL,NULL,NULL,NULL,NULL,NULL
2005,'./GB_Files/IBPS/GOVERNING_BOARD_MEETING/0050','0050.pdf',NULL,NULL,NULL,NULL,NULL,NULL,NULL,NULL,NULL,NULL
2005,'./GB_Files/IBPS/GOVERNING_BOARD_MEETING/0053','0053.pdf',NULL,NULL,NULL,NULL,NULL,NULL,NULL,NULL,NULL,NULL
2005,'./GB_Files/IBPS/GOVERNING_BOARD_MEETING/0052','0052.pdf',NULL,NULL,NULL,NULL,NULL,NULL,NULL,NULL,NULL,NULL
2005,'./GB_Files/IBPS/GOVERNING_BOARD_MEETING/0051','0051.pdf',NULL,NULL,NULL,NULL,NULL,NULL,NULL,NULL,NULL,NULL
2005,'./GB_Files/IBPS/GOVERNING_BOARD_MEETING/0050','0050.pdf',NULL,NULL,NULL,NULL,NULL,NULL,NULL,NULL,NULL,NULL
2005,'./GB_Files/IBPS/GOVERNING_BOARD_MEETING/0050','0050.pdf',NULL,NULL,NULL,NULL,NULL,NULL,NULL,NULL,NULL,NULL
2005,'./GB_Files/IBPS/GOVERNING_BOARD_MEETING/0053','0053.pdf',NULL,NULL,NULL,NULL,11,11,NULL,NULL,NULL,NULL
2005,'./GB_Files/IBPS/GOVERNING_BOARD_MEETING/0052','0052.pdf',NULL,NULL,NULL,NULL,98,108,NULL,NULL,NULL,NULL
2005,'./GB_Files/IBPS/GOVERNING_BOARD_MEETING/0051','0051.pdf',NULL,NULL,NULL,NULL,NULL,NULL,NULL,NULL,NULL,NULL
2005,'./GB_Files/IBPS/GOVERNING_BOARD_MEETING/0050','0050.pdf',NULL,NULL,NULL,NULL,46,51,NULL,NULL,NULL,NULL
2005,'./GB_Files/IBPS/GOVERNING_BOARD_MEETING/0050','0050.pdf',NULL,NULL,NULL,NULL,64,69,NULL,NULL,NULL,NULL
2005,'./GB_Files/IBPS/GOVERNING_BOARD_MEETING/0053','0053.pdf',NULL,NULL,NULL,NULL,NULL,NULL,NULL,NULL,NULL,NULL
2005,'./GB_Files/IBPS/GOVERNING_BOARD_MEETING/0052','0052.pdf',NULL,NULL,NULL,NULL,NULL,NULL,NULL,NULL,NULL,NULL
2005,'./GB_Files/IBPS/GOVERNING_BOARD_MEETING/0051','0051.pdf',NULL,NULL,NULL,NULL,NULL,NULL,NULL,NULL,NULL,NULL
2005,'./GB_Files/IBPS/GOVERNING_BOARD_MEETING/0050','0050.pdf',NULL,NULL,NULL,NULL,NULL,NULL,NULL,NULL,NULL,NULL
2005,'./GB_Files/IBPS/GOVERNING_BOARD_MEETING/0050','0050.pdf',NULL,NULL,NULL,NULL,NULL,NULL,NULL,NULL,NULL,NULL
2005,'./GB_Files/IBPS/GOVERNING_BOARD_MEETING/0053','0053.pdf',NULL,NULL,NULL,NULL,NULL,NULL,NULL,NULL,NULL,NULL
2005,'./GB_Files/IBPS/GOVERNING_BOARD_MEETING/0052','0052.pdf',19,24,NULL,NULL,NULL,NULL,NULL,NULL,NULL,NULL
2005,'./GB_Files/IBPS/GOVERNING_BOARD_MEETING/0051','0051.pdf',NULL,NULL,NULL,NULL,NULL,NULL,NULL,NULL,NULL,NULL
2005,'./GB_Files/IBPS/GOVERNING_BOARD_MEETING/0050','0050.pdf',NULL,NULL,NULL,NULL,NULL,NULL,NULL,NULL,NULL,NULL
2005,'./GB_Files/IBPS/GOVERNING_BOARD_MEETING/0050','0050.pdf',NULL,NULL,NULL,NULL,NULL,NULL,NULL,NULL,NULL,NULL
2006,'./GB_Files/IBPS/GOVERNING_BOARD_MEETING/0055','0055.pdf',NULL,NULL,NULL,NULL,NULL,NULL,NULL,NULL,NULL,NULL
2006,'./GB_Files/IBPS/GOVERNING_BOARD_MEETING/0054','0054.pdf',NULL,NULL,NULL,NULL,NULL,NULL,NULL,NULL,NULL,NULL
2006,'./GB_Files/IBPS/GOVERNING_BOARD_MEETING/0054','0054.pdf',NULL,NULL,NULL,NULL,NULL,NULL,NULL,NULL,NULL,NULL
2006,'./GB_Files/IBPS/GOVERNING_BOARD_MEETING/0055','0055.pdf',NULL,NULL,NULL,NULL,NULL,NULL,NULL,NULL,NULL,NULL
2006,'./GB_Files/IBPS/GOVERNING_BOARD_MEETING/0054','0054.pdf',NULL,NULL,NULL,NULL,NULL,NULL,NULL,NULL,NULL,NULL
2006,'./GB_Files/IBPS/GOVERNING_BOARD_MEETING/0054','0054.pdf',NULL,NULL,NULL,NULL,NULL,NULL,NULL,NULL,NULL,NULL
2006,'./GB_Files/IBPS/GOVERNING_BOARD_MEETING/0055','0055.pdf',NULL,NULL,NULL,NULL,NULL,NULL,NULL,NULL,NULL,NULL
2006,'./GB_Files/IBPS/GOVERNING_BOARD_MEETING/0054','0054.pdf',NULL,NULL,NULL,NULL,34,61,NULL,NULL,NULL,NULL
2006,'./GB_Files/IBPS/GOVERNING_BOARD_MEETING/0054','0054.pdf',NULL,NULL,NULL,NULL,75,77,NULL,NULL,NULL,NULL
2006,'./GB_Files/IBPS/GOVERNING_BOARD_MEETING/0055','0055.pdf',NULL,NULL,19,NULL,NULL,NULL,NULL,NULL,NULL,NULL
2006,'./GB_Files/IBPS/GOVERNING_BOARD_MEETING/0054','0054.pdf',NULL,NULL,19,NULL,NULL,NULL,NULL,NULL,NULL,NULL
2006,'./GB_Files/IBPS/GOVERNING_BOARD_MEETING/0054','0054.pdf',NULL,NULL,NULL,NULL,NULL,NULL,NULL,NULL,NULL,NULL
2006,'./GB_Files/IBPS/GOVERNING_BOARD_MEETING/0055','0055.pdf',49,56,NULL,NULL,NULL,NULL,NULL,NULL,NULL,NULL
2006,'./GB_Files/IBPS/GOVERNING_BOARD_MEETING/0054','0054.pdf',NULL,NULL,NULL,NULL,NULL,NULL,NULL,NULL,NULL,NULL
2006,'./GB_Files/IBPS/GOVERNING_BOARD_MEETING/0054','0054.pdf',NULL,NULL,NULL,NULL,NULL,NULL,NULL,NULL,NULL,NULL
2007,'./GB_Files/IBPS/GOVERNING_BOARD_MEETING/0057','0057.pdf',NULL,NULL,NULL,NULL,NULL,NULL,NULL,NULL,NULL,NULL
2007,'./GB_Files/IBPS/GOVERNING_BOARD_MEETING/0056','0056.pdf',NULL,NULL,NULL,NULL,NULL,NULL,NULL,NULL,NULL,NULL
2007,'./GB_Files/IBPS/GOVERNING_BOARD_MEETING/0057','0057.pdf',NULL,NULL,NULL,NULL,NULL,NULL,NULL,NULL,NULL,NULL
2007,'./GB_Files/IBPS/GOVERNING_BOARD_MEETING/0056','0056.pdf',NULL,NULL,NULL,NULL,NULL,NULL,NULL,NULL,NULL,NULL
2007,'./GB_Files/IBPS/GOVERNING_BOARD_MEETING/0057','0057.pdf',NULL,NULL,NULL,NULL,NULL,NULL,NULL,NULL,NULL,NULL
2007,'./GB_Files/IBPS/GOVERNING_BOARD_MEETING/0056','0056.pdf',NULL,NULL,NULL,NULL,NULL,NULL,NULL,NULL,NULL,NULL
2007,'./GB_Files/IBPS/GOVERNING_BOARD_MEETING/0057','0057.pdf',NULL,NULL,15,NULL,NULL,NULL,NULL,NULL,NULL,NULL
2007,'./GB_Files/IBPS/GOVERNING_BOARD_MEETING/0056','0056.pdf',NULL,NULL,NULL,NULL,NULL,NULL,NULL,NULL,NULL,NULL
2007,'./GB_Files/IBPS/GOVERNING_BOARD_MEETING/0057','0057.pdf',21,26,NULL,NULL,NULL,NULL,NULL,NULL,NULL,NULL
2007,'./GB_Files/IBPS/GOVERNING_BOARD_MEETING/0056','0056.pdf',NULL,NULL,NULL,NULL,NULL,NULL,NULL,NULL,NULL,NULL
2008,'./GB_Files/IBPS/GOVERNING_BOARD_MEETING/0060','0060.pdf',NULL,NULL,NULL,NULL,NULL,NULL,NULL,NULL,NULL,NULL
2008,'./GB_Files/IBPS/GOVERNING_BOARD_MEETING/0059','0059.pdf',NULL,NULL,NULL,NULL,NULL,NULL,NULL,NULL,NULL,NULL
2008,'./GB_Files/IBPS/GOVERNING_BOARD_MEETING/0058','0058.pdf',NULL,NULL,NULL,NULL,NULL,NULL,NULL,NULL,NULL,NULL
2008,'./GB_Files/IBPS/GOVERNING_BOARD_MEETING/0060','0060.pdf',NULL,NULL,NULL,NULL,NULL,NULL,NULL,NULL,NULL,NULL
2008,'./GB_Files/IBPS/GOVERNING_BOARD_MEETING/0059','0059.pdf',NULL,NULL,NULL,NULL,NULL,NULL,NULL,NULL,NULL,NULL
2008,'./GB_Files/IBPS/GOVERNING_BOARD_MEETING/0058','0058.pdf',NULL,NULL,NULL,NULL,NULL,NULL,NULL,NULL,NULL,NULL
2008,'./GB_Files/IBPS/GOVERNING_BOARD_MEETING/0060','0060.pdf',NULL,NULL,NULL,NULL,41,41,NULL,NULL,NULL,NULL
2008,'./GB_Files/IBPS/GOVERNING_BOARD_MEETING/0059','0059.pdf',NULL,NULL,NULL,NULL,NULL,NULL,NULL,NULL,NULL,NULL
2008,'./GB_Files/IBPS/GOVERNING_BOARD_MEETING/0058','0058.pdf',NULL,NULL,NULL,NULL,61,69,NULL,NULL,NULL,NULL
2008,'./GB_Files/IBPS/GOVERNING_BOARD_MEETING/0060','0060.pdf',NULL,NULL,19,NULL,NULL,NULL,NULL,NULL,NULL,NULL
2008,'./GB_Files/IBPS/GOVERNING_BOARD_MEETING/0059','0059.pdf',NULL,NULL,NULL,NULL,NULL,NULL,NULL,NULL,NULL,NULL
2008,'./GB_Files/IBPS/GOVERNING_BOARD_MEETING/0058','0058.pdf',NULL,NULL,NULL,NULL,NULL,NULL,NULL,NULL,NULL,NULL
2008,'./GB_Files/IBPS/GOVERNING_BOARD_MEETING/0060','0060.pdf',23,28,NULL,NULL,NULL,NULL,NULL,NULL,NULL,NULL
2008,'./GB_Files/IBPS/GOVERNING_BOARD_MEETING/0059','0059.pdf',NULL,NULL,NULL,NULL,NULL,NULL,NULL,NULL,NULL,NULL
2008,'./GB_Files/IBPS/GOVERNING_BOARD_MEETING/0058','0058.pdf',NULL,NULL,NULL,NULL,NULL,NULL,NULL,NULL,NULL,NULL
2009,'./GB_Files/IBPS/GOVERNING_BOARD_MEETING/0061','0061.pdf',NULL,NULL,NULL,NULL,NULL,NULL,NULL,NULL,NULL,NULL
2009,'./GB_Files/IBPS/GOVERNING_BOARD_MEETING/0061','0061.pdf',NULL,NULL,NULL,NULL,NULL,NULL,NULL,NULL,NULL,NULL
2009,'./GB_Files/IBPS/GOVERNING_BOARD_MEETING/0061','0061.pdf',NULL,NULL,NULL,NULL,NULL,NULL,NULL,NULL,NULL,NULL
2009,'./GB_Files/IBPS/GOVERNING_BOARD_MEETING/0061','0061.pdf',NULL,NULL,NULL,NULL,NULL,NULL,NULL,NULL,NULL,NULL
2009,'./GB_Files/IBPS/GOVERNING_BOARD_MEETING/0061','0061.pdf',NULL,NULL,NULL,NULL,NULL,NULL,NULL,NULL,NULL,NULL
2009,'./GB_Files/IBPS/GOVERNING_BOARD_MEETING/0061','0061.pdf',NULL,NULL,NULL,NULL,NULL,NULL,NULL,NULL,NULL,NULL
2009,'./GB_Files/IBPS/GOVERNING_BOARD_MEETING/0061','0061.pdf',NULL,NULL,NULL,NULL,NULL,NULL,NULL,NULL,NULL,NULL
2009,'./GB_Files/IBPS/GOVERNING_BOARD_MEETING/0061','0061.pdf',NULL,NULL,NULL,NULL,37,86,NULL,NULL,NULL,NULL
2009,'./GB_Files/IBPS/GOVERNING_BOARD_MEETING/0061','0061.pdf',NULL,NULL,NULL,NULL,99,100,NULL,NULL,NULL,NULL
2009,'./GB_Files/IBPS/GOVERNING_BOARD_MEETING/0061','0061.pdf',NULL,NULL,26,NULL,NULL,NULL,NULL,NULL,NULL,NULL
2009,'./GB_Files/IBPS/GOVERNING_BOARD_MEETING/0061','0061.pdf',NULL,NULL,94,NULL,NULL,NULL,NULL,NULL,NULL,NULL
2009,'./GB_Files/IBPS/GOVERNING_BOARD_MEETING/0061','0061.pdf',NULL,NULL,NULL,NULL,NULL,NULL,NULL,NULL,NULL,NULL
2009,'./GB_Files/IBPS/GOVERNING_BOARD_MEETING/0061','0061.pdf',NULL,NULL,NULL,NULL,NULL,NULL,NULL,NULL,NULL,NULL
2009,'./GB_Files/IBPS/GOVERNING_BOARD_MEETING/0061','0061.pdf',NULL,NULL,NULL,NULL,NULL,NULL,NULL,NULL,NULL,NULL
2009,'./GB_Files/IBPS/GOVERNING_BOARD_MEETING/0061','0061.pdf',107,112,NULL,NULL,NULL,NULL,NULL,NULL,NULL,NULL
2010,'./GB_Files/IBPS/GOVERNING_BOARD_MEETING/0064','0064.pdf',NULL,NULL,NULL,NULL,NULL,NULL,NULL,NULL,NULL,NULL
2010,'./GB_Files/IBPS/GOVERNING_BOARD_MEETING/0063','0063.pdf',NULL,NULL,NULL,NULL,NULL,NULL,NULL,NULL,NULL,NULL
2010,'./GB_Files/IBPS/GOVERNING_BOARD_MEETING/0062','0062.pdf',NULL,NULL,NULL,NULL,NULL,NULL,NULL,NULL,NULL,NULL
2010,'./GB_Files/IBPS/GOVERNING_BOARD_MEETING/0064','0064.pdf',NULL,NULL,NULL,NULL,NULL,NULL,NULL,NULL,NULL,NULL
2010,'./GB_Files/IBPS/GOVERNING_BOARD_MEETING/0063','0063.pdf',NULL,NULL,NULL,NULL,NULL,NULL,NULL,NULL,NULL,NULL
2010,'./GB_Files/IBPS/GOVERNING_BOARD_MEETING/0062','0062.pdf',NULL,NULL,NULL,NULL,NULL,NULL,NULL,NULL,NULL,NULL
2010,'./GB_Files/IBPS/GOVERNING_BOARD_MEETING/0064','0064.pdf',NULL,NULL,NULL,NULL,57,159,NULL,NULL,NULL,NULL
2010,'./GB_Files/IBPS/GOVERNING_BOARD_MEETING/0063','0063.pdf',NULL,NULL,NULL,NULL,NULL,NULL,NULL,NULL,NULL,NULL
2010,'./GB_Files/IBPS/GOVERNING_BOARD_MEETING/0062','0062.pdf',NULL,NULL,NULL,NULL,56,71,NULL,NULL,NULL,NULL
2010,'./GB_Files/IBPS/GOVERNING_BOARD_MEETING/0064','0064.pdf',NULL,NULL,163,NULL,NULL,NULL,NULL,NULL,NULL,NULL
2010,'./GB_Files/IBPS/GOVERNING_BOARD_MEETING/0063','0063.pdf',NULL,NULL,NULL,NULL,NULL,NULL,NULL,NULL,NULL,NULL
2010,'./GB_Files/IBPS/GOVERNING_BOARD_MEETING/0062','0062.pdf',NULL,NULL,NULL,NULL,NULL,NULL,NULL,NULL,NULL,NULL
2010,'./GB_Files/IBPS/GOVERNING_BOARD_MEETING/0064','0064.pdf',NULL,NULL,NULL,NULL,NULL,NULL,NULL,NULL,NULL,NULL
2010,'./GB_Files/IBPS/GOVERNING_BOARD_MEETING/0063','0063.pdf',29,34,NULL,NULL,NULL,NULL,NULL,NULL,NULL,NULL
2010,'./GB_Files/IBPS/GOVERNING_BOARD_MEETING/0062','0062.pdf',NULL,NULL,NULL,NULL,NULL,NULL,NULL,NULL,NULL,NULL
2011,'./GB_Files/IBPS/GOVERNING_BOARD_MEETING/0067','0067.pdf',NULL,NULL,NULL,NULL,NULL,NULL,NULL,NULL,NULL,NULL
2011,'./GB_Files/IBPS/GOVERNING_BOARD_MEETING/0066','0066.pdf',NULL,NULL,NULL,NULL,NULL,NULL,NULL,NULL,NULL,NULL
2011,'./GB_Files/IBPS/GOVERNING_BOARD_MEETING/0065','0065.pdf',NULL,NULL,NULL,NULL,NULL,NULL,NULL,NULL,NULL,NULL
2011,'./GB_Files/IBPS/GOVERNING_BOARD_MEETING/0067','0067.pdf',NULL,NULL,NULL,NULL,NULL,NULL,NULL,NULL,NULL,NULL
2011,'./GB_Files/IBPS/GOVERNING_BOARD_MEETING/0066','0066.pdf',NULL,NULL,NULL,NULL,NULL,NULL,NULL,NULL,NULL,NULL
2011,'./GB_Files/IBPS/GOVERNING_BOARD_MEETING/0065','0065.pdf',NULL,NULL,NULL,NULL,NULL,NULL,NULL,NULL,NULL,NULL
2011,'./GB_Files/IBPS/GOVERNING_BOARD_MEETING/0067','0067.pdf',NULL,NULL,NULL,NULL,49,50,NULL,NULL,NULL,NULL
2011,'./GB_Files/IBPS/GOVERNING_BOARD_MEETING/0066','0066.pdf',NULL,NULL,NULL,NULL,NULL,NULL,NULL,NULL,NULL,NULL
2011,'./GB_Files/IBPS/GOVERNING_BOARD_MEETING/0065','0065.pdf',NULL,NULL,NULL,NULL,NULL,NULL,NULL,NULL,NULL,NULL
2011,'./GB_Files/IBPS/GOVERNING_BOARD_MEETING/0067','0067.pdf',NULL,NULL,30,NULL,NULL,NULL,NULL,NULL,NULL,NULL
2011,'./GB_Files/IBPS/GOVERNING_BOARD_MEETING/0066','0066.pdf',NULL,NULL,14,NULL,NULL,NULL,NULL,NULL,NULL,NULL
2011,'./GB_Files/IBPS/GOVERNING_BOARD_MEETING/0065','0065.pdf',NULL,NULL,31,NULL,NULL,NULL,NULL,NULL,NULL,NULL
2011,'./GB_Files/IBPS/GOVERNING_BOARD_MEETING/0067','0067.pdf',NULL,NULL,NULL,NULL,NULL,NULL,NULL,NULL,NULL,NULL
2011,'./GB_Files/IBPS/FINANCE_COMMITTEE_MEETING/0061','0061.pdf',13,19,NULL,NULL,NULL,NULL,NULL,NULL,NULL,NULL
2011,'./GB_Files/IBPS/GOVERNING_BOARD_MEETING/0065','0065.pdf',NULL,NULL,NULL,NULL,NULL,NULL,NULL,NULL,NULL,NULL
2012,'./GB_Files/IBPS/GOVERNING_BOARD_MEETING/0072','0072.pdf',NULL,NULL,NULL,NULL,NULL,NULL,NULL,NULL,NULL,NULL
2012,'./GB_Files/IBPS/GOVERNING_BOARD_MEETING/0071','0071.pdf',NULL,NULL,NULL,NULL,NULL,NULL,NULL,NULL,NULL,NULL
2012,'./GB_Files/IBPS/GOVERNING_BOARD_MEETING/0070','0070.pdf',NULL,NULL,NULL,NULL,NULL,NULL,NULL,NULL,NULL,NULL
2012,'./GB_Files/IBPS/GOVERNING_BOARD_MEETING/0070','0070.pdf',NULL,NULL,NULL,NULL,NULL,NULL,NULL,NULL,NULL,NULL
2012,'./GB_Files/IBPS/GOVERNING_BOARD_MEETING/0069','0069.pdf',NULL,NULL,NULL,NULL,NULL,NULL,NULL,NULL,NULL,NULL
2012,'./GB_Files/IBPS/GOVERNING_BOARD_MEETING/0068','0068.pdf',NULL,NULL,NULL,NULL,NULL,NULL,NULL,NULL,NULL,NULL
2012,'./GB_Files/IBPS/GOVERNING_BOARD_MEETING/0072','0072.pdf',NULL,NULL,NULL,NULL,NULL,NULL,NULL,NULL,NULL,NULL
2012,'./GB_Files/IBPS/GOVERNING_BOARD_MEETING/0071','0071.pdf',NULL,NULL,NULL,NULL,NULL,NULL,NULL,NULL,NULL,NULL
2012,'./GB_Files/IBPS/GOVERNING_BOARD_MEETING/0070','0070.pdf',NULL,NULL,NULL,NULL,NULL,NULL,NULL,NULL,NULL,NULL
2012,'./GB_Files/IBPS/GOVERNING_BOARD_MEETING/0070','0070.pdf',NULL,NULL,NULL,NULL,NULL,NULL,NULL,NULL,NULL,NULL
2012,'./GB_Files/IBPS/GOVERNING_BOARD_MEETING/0069','0069.pdf',NULL,NULL,NULL,NULL,NULL,NULL,NULL,NULL,NULL,NULL
2012,'./GB_Files/IBPS/GOVERNING_BOARD_MEETING/0068','0068.pdf',NULL,NULL,NULL,NULL,NULL,NULL,NULL,NULL,NULL,NULL
2012,'./GB_Files/IBPS/GOVERNING_BOARD_MEETING/0072','0072.pdf',NULL,NULL,NULL,NULL,NULL,NULL,NULL,NULL,NULL,NULL
2012,'./GB_Files/IBPS/GOVERNING_BOARD_MEETING/0071','0071.pdf',NULL,NULL,NULL,NULL,NULL,NULL,NULL,NULL,NULL,NULL
2012,'./GB_Files/IBPS/GOVERNING_BOARD_MEETING/0070','0070.pdf',NULL,NULL,NULL,NULL,59,93,NULL,NULL,NULL,NULL
2012,'./GB_Files/IBPS/GOVERNING_BOARD_MEETING/0070','0070.pdf',NULL,NULL,NULL,NULL,84,108,NULL,NULL,NULL,NULL
2012,'./GB_Files/IBPS/GOVERNING_BOARD_MEETING/0069','0069.pdf',NULL,NULL,NULL,NULL,92,94,NULL,NULL,NULL,NULL
2012,'./GB_Files/IBPS/GOVERNING_BOARD_MEETING/0068','0068.pdf',NULL,NULL,NULL,NULL,NULL,NULL,NULL,NULL,NULL,NULL
2012,'./GB_Files/IBPS/GOVERNING_BOARD_MEETING/0072','0072.pdf',NULL,NULL,NULL,NULL,NULL,NULL,NULL,NULL,NULL,NULL
2012,'./GB_Files/IBPS/GOVERNING_BOARD_MEETING/0071','0071.pdf',NULL,NULL,19,NULL,NULL,NULL,NULL,NULL,NULL,NULL
2012,'./GB_Files/IBPS/GOVERNING_BOARD_MEETING/0070','0070.pdf',NULL,NULL,30,NULL,NULL,NULL,NULL,NULL,NULL,NULL
2012,'./GB_Files/IBPS/GOVERNING_BOARD_MEETING/0070','0070.pdf',NULL,NULL,NULL,NULL,NULL,NULL,NULL,NULL,NULL,NULL
2012,'./GB_Files/IBPS/GOVERNING_BOARD_MEETING/0069','0069.pdf',NULL,NULL,39,NULL,NULL,NULL,NULL,NULL,NULL,NULL
2012,'./GB_Files/IBPS/GOVERNING_BOARD_MEETING/0068','0068.pdf',NULL,NULL,NULL,NULL,NULL,NULL,NULL,NULL,NULL,NULL
2012,'./GB_Files/IBPS/GOVERNING_BOARD_MEETING/0072','0072.pdf',NULL,NULL,NULL,NULL,NULL,NULL,NULL,NULL,NULL,NULL
2012,'./GB_Files/IBPS/GOVERNING_BOARD_MEETING/0071','0071.pdf',NULL,NULL,NULL,NULL,NULL,NULL,NULL,NULL,NULL,NULL
2012,'./GB_Files/IBPS/GOVERNING_BOARD_MEETING/0070','0070.pdf',NULL,NULL,NULL,NULL,NULL,NULL,NULL,NULL,NULL,NULL
2012,'./GB_Files/IBPS/GOVERNING_BOARD_MEETING/0070','0070.pdf',NULL,NULL,NULL,NULL,NULL,NULL,NULL,NULL,NULL,NULL
2012,'./GB_Files/IBPS/GOVERNING_BOARD_MEETING/0069','0069.pdf',49,57,NULL,NULL,NULL,NULL,NULL,NULL,NULL,NULL
2012,'./GB_Files/IBPS/GOVERNING_BOARD_MEETING/0068','0068.pdf',NULL,NULL,NULL,NULL,NULL,NULL,NULL,NULL,NULL,NULL
2013,'./GB_Files/IBPS/GOVERNING_BOARD_MEETING/0079','0079.pdf',NULL,NULL,NULL,NULL,NULL,NULL,NULL,NULL,NULL,NULL
2013,'./GB_Files/IBPS/GOVERNING_BOARD_MEETING/0078','0078.pdf',NULL,NULL,NULL,NULL,NULL,NULL,NULL,NULL,NULL,NULL
2013,'./GB_Files/IBPS/GOVERNING_BOARD_MEETING/0077','0077.pdf',NULL,NULL,NULL,NULL,NULL,NULL,NULL,NULL,NULL,NULL
2013,'./GB_Files/IBPS/GOVERNING_BOARD_MEETING/0076','0076.pdf',NULL,NULL,NULL,NULL,NULL,NULL,NULL,NULL,NULL,NULL
2013,'./GB_Files/IBPS/GOVERNING_BOARD_MEETING/0076','0076.pdf',NULL,NULL,NULL,NULL,NULL,NULL,NULL,NULL,NULL,NULL
2013,'./GB_Files/IBPS/GOVERNING_BOARD_MEETING/0075','0075.pdf',NULL,NULL,NULL,NULL,NULL,NULL,NULL,NULL,NULL,NULL
2013,'./GB_Files/IBPS/GOVERNING_BOARD_MEETING/0074','0074.pdf',NULL,NULL,NULL,NULL,NULL,NULL,NULL,NULL,NULL,NULL
2013,'./GB_Files/IBPS/GOVERNING_BOARD_MEETING/0073','0073.pdf',NULL,NULL,NULL,NULL,NULL,NULL,NULL,NULL,NULL,NULL
2013,'./GB_Files/IBPS/GOVERNING_BOARD_MEETING/0073','0073.pdf',NULL,NULL,NULL,NULL,NULL,NULL,NULL,NULL,NULL,NULL
2013,'./GB_Files/IBPS/GOVERNING_BOARD_MEETING/0079','0079.pdf',NULL,NULL,NULL,NULL,NULL,NULL,NULL,NULL,NULL,NULL
2013,'./GB_Files/IBPS/GOVERNING_BOARD_MEETING/0078','0078.pdf',NULL,NULL,NULL,NULL,NULL,NULL,NULL,NULL,NULL,NULL
2013,'./GB_Files/IBPS/GOVERNING_BOARD_MEETING/0077','0077.pdf',NULL,NULL,NULL,NULL,NULL,NULL,NULL,NULL,NULL,NULL
2013,'./GB_Files/IBPS/GOVERNING_BOARD_MEETING/0076','0076.pdf',NULL,NULL,NULL,NULL,NULL,NULL,NULL,NULL,NULL,NULL
2013,'./GB_Files/IBPS/GOVERNING_BOARD_MEETING/0076','0076.pdf',NULL,NULL,NULL,NULL,NULL,NULL,NULL,NULL,NULL,NULL
2013,'./GB_Files/IBPS/GOVERNING_BOARD_MEETING/0075','0075.pdf',NULL,NULL,NULL,NULL,NULL,NULL,NULL,NULL,NULL,NULL
2013,'./GB_Files/IBPS/GOVERNING_BOARD_MEETING/0074','0074.pdf',NULL,NULL,NULL,NULL,NULL,NULL,NULL,NULL,NULL,NULL
2013,'./GB_Files/IBPS/GOVERNING_BOARD_MEETING/0073','0073.pdf',NULL,NULL,NULL,NULL,NULL,NULL,NULL,NULL,NULL,NULL
2013,'./GB_Files/IBPS/GOVERNING_BOARD_MEETING/0073','0073.pdf',NULL,NULL,NULL,NULL,NULL,NULL,NULL,NULL,NULL,NULL
2013,'./GB_Files/IBPS/GOVERNING_BOARD_MEETING/0079','0079.pdf',NULL,NULL,NULL,NULL,NULL,NULL,NULL,NULL,NULL,NULL
2013,'./GB_Files/IBPS/GOVERNING_BOARD_MEETING/0078','0078.pdf',NULL,NULL,NULL,NULL,45,55,NULL,NULL,NULL,NULL
2013,'./GB_Files/IBPS/GOVERNING_BOARD_MEETING/0077','0077.pdf',NULL,NULL,NULL,NULL,58,60,NULL,NULL,NULL,NULL
2013,'./GB_Files/IBPS/GOVERNING_BOARD_MEETING/0076','0076.pdf',NULL,NULL,NULL,NULL,79,81,NULL,NULL,NULL,NULL
2013,'./GB_Files/IBPS/GOVERNING_BOARD_MEETING/0076','0076.pdf',NULL,NULL,NULL,NULL,177,212,NULL,NULL,NULL,NULL
2013,'./GB_Files/IBPS/GOVERNING_BOARD_MEETING/0075','0075.pdf',NULL,NULL,NULL,NULL,NULL,NULL,NULL,NULL,NULL,NULL
2013,'./GB_Files/IBPS/GOVERNING_BOARD_MEETING/0074','0074.pdf',NULL,NULL,NULL,NULL,NULL,NULL,NULL,NULL,NULL,NULL
2013,'./GB_Files/IBPS/GOVERNING_BOARD_MEETING/0073','0073.pdf',NULL,NULL,NULL,NULL,NULL,NULL,NULL,NULL,NULL,NULL
2013,'./GB_Files/IBPS/GOVERNING_BOARD_MEETING/0073','0073.pdf',NULL,NULL,NULL,NULL,NULL,NULL,NULL,NULL,NULL,NULL
2013,'./GB_Files/IBPS/GOVERNING_BOARD_MEETING/0079','0079.pdf',NULL,NULL,84,NULL,NULL,NULL,NULL,NULL,NULL,NULL
2013,'./GB_Files/IBPS/GOVERNING_BOARD_MEETING/0078','0078.pdf',NULL,NULL,NULL,NULL,NULL,NULL,NULL,NULL,NULL,NULL
2013,'./GB_Files/IBPS/GOVERNING_BOARD_MEETING/0077','0077.pdf',NULL,NULL,68,NULL,NULL,NULL,NULL,NULL,NULL,NULL
2013,'./GB_Files/IBPS/GOVERNING_BOARD_MEETING/0076','0076.pdf',NULL,NULL,NULL,NULL,NULL,NULL,NULL,NULL,NULL,NULL
2013,'./GB_Files/IBPS/GOVERNING_BOARD_MEETING/0076','0076.pdf',NULL,NULL,NULL,NULL,NULL,NULL,NULL,NULL,NULL,NULL
2013,'./GB_Files/IBPS/GOVERNING_BOARD_MEETING/0075','0075.pdf',NULL,NULL,NULL,NULL,NULL,NULL,NULL,NULL,NULL,NULL
2013,'./GB_Files/IBPS/GOVERNING_BOARD_MEETING/0074','0074.pdf',NULL,NULL,NULL,NULL,NULL,NULL,NULL,NULL,NULL,NULL
2013,'./GB_Files/IBPS/GOVERNING_BOARD_MEETING/0073','0073.pdf',NULL,NULL,19,NULL,NULL,NULL,NULL,NULL,NULL,NULL
2013,'./GB_Files/IBPS/GOVERNING_BOARD_MEETING/0073','0073.pdf',NULL,NULL,148,NULL,NULL,NULL,NULL,NULL,NULL,NULL
2013,'./GB_Files/IBPS/GOVERNING_BOARD_MEETING/0079','0079.pdf',NULL,NULL,NULL,NULL,NULL,NULL,NULL,NULL,NULL,NULL
2013,'./GB_Files/IBPS/GOVERNING_BOARD_MEETING/0078','0078.pdf',NULL,NULL,NULL,NULL,NULL,NULL,NULL,NULL,NULL,NULL
2013,'./GB_Files/IBPS/GOVERNING_BOARD_MEETING/0077','0077.pdf',NULL,NULL,NULL,NULL,NULL,NULL,NULL,NULL,NULL,NULL
2013,'./GB_Files/IBPS/GOVERNING_BOARD_MEETING/0076','0076.pdf',NULL,NULL,NULL,NULL,NULL,NULL,NULL,NULL,NULL,NULL
2013,'./GB_Files/IBPS/GOVERNING_BOARD_MEETING/0076','0076.pdf',287,295,NULL,NULL,NULL,NULL,NULL,NULL,NULL,NULL
2013,'./GB_Files/IBPS/GOVERNING_BOARD_MEETING/0075','0075.pdf',NULL,NULL,NULL,NULL,NULL,NULL,NULL,NULL,NULL,NULL
2013,'./GB_Files/IBPS/GOVERNING_BOARD_MEETING/0074','0074.pdf',NULL,NULL,NULL,NULL,NULL,NULL,NULL,NULL,NULL,NULL
2013,'./GB_Files/IBPS/GOVERNING_BOARD_MEETING/0073','0073.pdf',NULL,NULL,NULL,NULL,NULL,NULL,NULL,NULL,NULL,NULL
2013,'./GB_Files/IBPS/GOVERNING_BOARD_MEETING/0073','0073.pdf',NULL,NULL,NULL,NULL,NULL,NULL,NULL,NULL,NULL,NULL
2014,'./GB_Files/IBPS/GOVERNING_BOARD_MEETING/0086','0086.pdf',NULL,NULL,NULL,NULL,NULL,NULL,NULL,NULL,NULL,NULL
2014,'./GB_Files/IBPS/GOVERNING_BOARD_MEETING/0085','0085.pdf',NULL,NULL,NULL,NULL,NULL,NULL,NULL,NULL,NULL,NULL
2014,'./GB_Files/IBPS/GOVERNING_BOARD_MEETING/0084','0084.pdf',NULL,NULL,NULL,NULL,NULL,NULL,NULL,NULL,NULL,NULL
2014,'./GB_Files/IBPS/GOVERNING_BOARD_MEETING/0083','0083.pdf',NULL,NULL,NULL,NULL,NULL,NULL,NULL,NULL,NULL,NULL
2014,'./GB_Files/IBPS/GOVERNING_BOARD_MEETING/0082','0082.pdf',NULL,NULL,NULL,NULL,NULL,NULL,NULL,NULL,NULL,NULL
2014,'./GB_Files/IBPS/GOVERNING_BOARD_MEETING/0081','0081.pdf',NULL,NULL,NULL,NULL,NULL,NULL,NULL,NULL,NULL,NULL
2014,'./GB_Files/IBPS/GOVERNING_BOARD_MEETING/0080','0080.pdf',NULL,NULL,NULL,NULL,NULL,NULL,NULL,NULL,NULL,NULL
2014,'./GB_Files/IBPS/GOVERNING_BOARD_MEETING/0079','0079.pdf',NULL,NULL,NULL,NULL,NULL,NULL,NULL,NULL,NULL,NULL
2014,'./GB_Files/IBPS/GOVERNING_BOARD_MEETING/0086','0086.pdf',NULL,NULL,NULL,NULL,NULL,NULL,NULL,NULL,NULL,NULL
2014,'./GB_Files/IBPS/GOVERNING_BOARD_MEETING/0085','0085.pdf',NULL,NULL,NULL,NULL,NULL,NULL,NULL,NULL,NULL,NULL
2014,'./GB_Files/IBPS/GOVERNING_BOARD_MEETING/0084','0084.pdf',NULL,NULL,NULL,NULL,NULL,NULL,NULL,NULL,NULL,NULL
2014,'./GB_Files/IBPS/GOVERNING_BOARD_MEETING/0083','0083.pdf',NULL,NULL,NULL,NULL,NULL,NULL,NULL,NULL,NULL,NULL
2014,'./GB_Files/IBPS/GOVERNING_BOARD_MEETING/0082','0082.pdf',NULL,NULL,NULL,NULL,NULL,NULL,NULL,NULL,NULL,NULL
2014,'./GB_Files/IBPS/GOVERNING_BOARD_MEETING/0081','0081.pdf',NULL,NULL,NULL,NULL,NULL,NULL,NULL,NULL,NULL,NULL
2014,'./GB_Files/IBPS/GOVERNING_BOARD_MEETING/0080','0080.pdf',NULL,NULL,NULL,NULL,NULL,NULL,NULL,NULL,NULL,NULL
2014,'./GB_Files/IBPS/GOVERNING_BOARD_MEETING/0079','0079.pdf',NULL,NULL,NULL,NULL,NULL,NULL,NULL,NULL,NULL,NULL
2014,'./GB_Files/IBPS/GOVERNING_BOARD_MEETING/0086','0086.pdf',NULL,NULL,NULL,NULL,NULL,NULL,NULL,NULL,NULL,NULL
2014,'./GB_Files/IBPS/GOVERNING_BOARD_MEETING/0085','0085.pdf',NULL,NULL,NULL,NULL,NULL,NULL,NULL,NULL,NULL,NULL
2014,'./GB_Files/IBPS/GOVERNING_BOARD_MEETING/0084','0084.pdf',NULL,NULL,NULL,NULL,NULL,NULL,NULL,NULL,NULL,NULL
2014,'./GB_Files/IBPS/GOVERNING_BOARD_MEETING/0083','0083.pdf',NULL,NULL,NULL,NULL,52,59,NULL,NULL,NULL,NULL
2014,'./GB_Files/IBPS/GOVERNING_BOARD_MEETING/0082','0082.pdf',NULL,NULL,NULL,NULL,121,299,NULL,NULL,NULL,NULL
2014,'./GB_Files/IBPS/GOVERNING_BOARD_MEETING/0081','0081.pdf',NULL,NULL,NULL,NULL,NULL,NULL,NULL,NULL,NULL,NULL
2014,'./GB_Files/IBPS/GOVERNING_BOARD_MEETING/0080','0080.pdf',NULL,NULL,NULL,NULL,NULL,NULL,NULL,NULL,NULL,NULL
2014,'./GB_Files/IBPS/GOVERNING_BOARD_MEETING/0079','0079.pdf',NULL,NULL,NULL,NULL,NULL,NULL,NULL,NULL,NULL,NULL
2014,'./GB_Files/IBPS/GOVERNING_BOARD_MEETING/0086','0086.pdf',NULL,NULL,NULL,NULL,NULL,NULL,NULL,NULL,NULL,NULL
2014,'./GB_Files/IBPS/GOVERNING_BOARD_MEETING/0085','0085.pdf',NULL,NULL,18,NULL,NULL,NULL,NULL,NULL,NULL,NULL
2014,'./GB_Files/IBPS/GOVERNING_BOARD_MEETING/0084','0084.pdf',NULL,NULL,NULL,NULL,NULL,NULL,NULL,NULL,NULL,NULL
2014,'./GB_Files/IBPS/GOVERNING_BOARD_MEETING/0083','0083.pdf',NULL,NULL,NULL,NULL,NULL,NULL,NULL,NULL,NULL,NULL
2014,'./GB_Files/IBPS/GOVERNING_BOARD_MEETING/0082','0082.pdf',NULL,NULL,NULL,NULL,NULL,NULL,NULL,NULL,NULL,NULL
2014,'./GB_Files/IBPS/GOVERNING_BOARD_MEETING/0081','0081.pdf',NULL,NULL,NULL,NULL,NULL,NULL,NULL,NULL,NULL,NULL
2014,'./GB_Files/IBPS/GOVERNING_BOARD_MEETING/0080','0080.pdf',NULL,NULL,17,NULL,NULL,NULL,NULL,NULL,NULL,NULL
2014,'./GB_Files/IBPS/GOVERNING_BOARD_MEETING/0079','0079.pdf',NULL,NULL,25,NULL,NULL,NULL,NULL,NULL,NULL,NULL
2014,'./GB_Files/IBPS/GOVERNING_BOARD_MEETING/0086','0086.pdf',NULL,NULL,NULL,NULL,NULL,NULL,NULL,NULL,NULL,NULL
2014,'./GB_Files/IBPS/GOVERNING_BOARD_MEETING/0085','0085.pdf',NULL,NULL,NULL,NULL,NULL,NULL,NULL,NULL,NULL,NULL
2014,'./GB_Files/IBPS/GOVERNING_BOARD_MEETING/0084','0084.pdf',NULL,NULL,NULL,NULL,NULL,NULL,NULL,NULL,NULL,NULL
2014,'./GB_Files/IBPS/GOVERNING_BOARD_MEETING/0083','0083.pdf',NULL,NULL,NULL,NULL,NULL,NULL,NULL,NULL,NULL,NULL
2014,'./GB_Files/IBPS/GOVERNING_BOARD_MEETING/0082','0082.pdf',32,40,NULL,NULL,NULL,NULL,NULL,NULL,NULL,NULL
2014,'./GB_Files/IBPS/GOVERNING_BOARD_MEETING/0081','0081.pdf',NULL,NULL,NULL,NULL,NULL,NULL,NULL,NULL,NULL,NULL
2014,'./GB_Files/IBPS/GOVERNING_BOARD_MEETING/0080','0080.pdf',NULL,NULL,NULL,NULL,NULL,NULL,NULL,NULL,NULL,NULL
2014,'./GB_Files/IBPS/GOVERNING_BOARD_MEETING/0079','0079.pdf',NULL,NULL,NULL,NULL,NULL,NULL,NULL,NULL,NULL,NULL
2015,'./GB_Files/IBPS/GOVERNING_BOARD_MEETING/0094','0094.pdf',NULL,NULL,NULL,NULL,NULL,NULL,NULL,NULL,NULL,NULL
2015,'./GB_Files/IBPS/GOVERNING_BOARD_MEETING/0093','0093.pdf',NULL,NULL,NULL,NULL,NULL,NULL,NULL,NULL,NULL,NULL
2015,'./GB_Files/IBPS/GOVERNING_BOARD_MEETING/0092','0092.pdf',NULL,NULL,NULL,NULL,NULL,NULL,NULL,NULL,NULL,NULL
2015,'./GB_Files/IBPS/GOVERNING_BOARD_MEETING/0091','0091.pdf',NULL,NULL,NULL,NULL,NULL,NULL,NULL,NULL,NULL,NULL
2015,'./GB_Files/IBPS/GOVERNING_BOARD_MEETING/0090','0090.pdf',NULL,NULL,NULL,NULL,NULL,NULL,NULL,NULL,NULL,NULL
2015,'./GB_Files/IBPS/GOVERNING_BOARD_MEETING/0089','0089.pdf',NULL,NULL,NULL,NULL,NULL,NULL,NULL,NULL,NULL,NULL
2015,'./GB_Files/IBPS/GOVERNING_BOARD_MEETING/0088','0088.pdf',NULL,NULL,NULL,NULL,NULL,NULL,NULL,NULL,NULL,NULL
2015,'./GB_Files/IBPS/GOVERNING_BOARD_MEETING/0087','0087.pdf',NULL,NULL,NULL,NULL,NULL,NULL,NULL,NULL,NULL,NULL
2015,'./GB_Files/IBPS/GOVERNING_BOARD_MEETING/0094','0094.pdf',NULL,NULL,NULL,NULL,NULL,NULL,NULL,NULL,NULL,NULL
2015,'./GB_Files/IBPS/GOVERNING_BOARD_MEETING/0093','0093.pdf',NULL,NULL,NULL,NULL,NULL,NULL,NULL,NULL,NULL,NULL
2015,'./GB_Files/IBPS/GOVERNING_BOARD_MEETING/0092','0092.pdf',NULL,NULL,NULL,NULL,NULL,NULL,NULL,NULL,NULL,NULL
2015,'./GB_Files/IBPS/GOVERNING_BOARD_MEETING/0091','0091.pdf',NULL,NULL,NULL,NULL,NULL,NULL,NULL,NULL,NULL,NULL
2015,'./GB_Files/IBPS/GOVERNING_BOARD_MEETING/0090','0090.pdf',NULL,NULL,NULL,NULL,NULL,NULL,NULL,NULL,NULL,NULL
2015,'./GB_Files/IBPS/GOVERNING_BOARD_MEETING/0089','0089.pdf',NULL,NULL,NULL,NULL,NULL,NULL,NULL,NULL,NULL,NULL
2015,'./GB_Files/IBPS/GOVERNING_BOARD_MEETING/0088','0088.pdf',NULL,NULL,NULL,NULL,NULL,NULL,NULL,NULL,NULL,NULL
2015,'./GB_Files/IBPS/GOVERNING_BOARD_MEETING/0087','0087.pdf',NULL,NULL,NULL,NULL,NULL,NULL,NULL,NULL,NULL,NULL
2015,'./GB_Files/IBPS/GOVERNING_BOARD_MEETING/0094','0094.pdf',NULL,NULL,NULL,NULL,NULL,NULL,NULL,NULL,NULL,NULL
2015,'./GB_Files/IBPS/GOVERNING_BOARD_MEETING/0093','0093.pdf',NULL,NULL,NULL,NULL,NULL,NULL,NULL,NULL,NULL,NULL
2015,'./GB_Files/IBPS/GOVERNING_BOARD_MEETING/0092','0092.pdf',NULL,NULL,NULL,NULL,NULL,NULL,NULL,NULL,NULL,NULL
2015,'./GB_Files/IBPS/GOVERNING_BOARD_MEETING/0091','0091.pdf',NULL,NULL,NULL,NULL,NULL,NULL,NULL,NULL,NULL,NULL
2015,'./GB_Files/IBPS/GOVERNING_BOARD_MEETING/0090','0090.pdf',NULL,NULL,NULL,NULL,NULL,NULL,NULL,NULL,NULL,NULL
2015,'./GB_Files/IBPS/GOVERNING_BOARD_MEETING/0089','0089.pdf',NULL,NULL,NULL,NULL,NULL,NULL,NULL,NULL,NULL,NULL
2015,'./GB_Files/IBPS/GOVERNING_BOARD_MEETING/0088','0088.pdf',NULL,NULL,NULL,NULL,NULL,NULL,NULL,NULL,NULL,NULL
2015,'./GB_Files/IBPS/GOVERNING_BOARD_MEETING/0087','0087.pdf',NULL,NULL,NULL,NULL,80,NULL,NULL,NULL,NULL,NULL
2015,'./GB_Files/IBPS/GOVERNING_BOARD_MEETING/0094','0094.pdf',NULL,NULL,NULL,NULL,NULL,NULL,NULL,NULL,NULL,NULL
2015,'./GB_Files/IBPS/GOVERNING_BOARD_MEETING/0093','0093.pdf',NULL,NULL,NULL,NULL,NULL,NULL,NULL,NULL,NULL,NULL
2015,'./GB_Files/IBPS/GOVERNING_BOARD_MEETING/0092','0092.pdf',NULL,NULL,NULL,NULL,NULL,NULL,NULL,NULL,NULL,NULL
2015,'./GB_Files/IBPS/GOVERNING_BOARD_MEETING/0091','0091.pdf',NULL,NULL,16,NULL,NULL,NULL,NULL,NULL,NULL,NULL
2015,'./GB_Files/IBPS/GOVERNING_BOARD_MEETING/0090','0090.pdf',NULL,NULL,NULL,NULL,NULL,NULL,NULL,NULL,NULL,NULL
2015,'./GB_Files/IBPS/GOVERNING_BOARD_MEETING/0089','0089.pdf',NULL,NULL,18,NULL,NULL,NULL,NULL,NULL,NULL,NULL
2015,'./GB_Files/IBPS/GOVERNING_BOARD_MEETING/0088','0088.pdf',NULL,NULL,NULL,NULL,NULL,NULL,NULL,NULL,NULL,NULL
2015,'./GB_Files/IBPS/GOVERNING_BOARD_MEETING/0087','0087.pdf',NULL,NULL,23,NULL,NULL,NULL,NULL,NULL,NULL,NULL
2015,'./GB_Files/IBPS/GOVERNING_BOARD_MEETING/0094','0094.pdf',NULL,NULL,NULL,NULL,NULL,NULL,NULL,NULL,NULL,NULL
2015,'./GB_Files/IBPS/GOVERNING_BOARD_MEETING/0093','0093.pdf',NULL,NULL,NULL,NULL,NULL,NULL,NULL,NULL,NULL,NULL
2015,'./GB_Files/IBPS/GOVERNING_BOARD_MEETING/0092','0092.pdf',NULL,NULL,NULL,NULL,NULL,NULL,NULL,NULL,NULL,NULL
2015,'./GB_Files/IBPS/GOVERNING_BOARD_MEETING/0091','0091.pdf',NULL,NULL,NULL,NULL,NULL,NULL,NULL,NULL,NULL,NULL
2015,'./GB_Files/IBPS/GOVERNING_BOARD_MEETING/0090','0090.pdf',NULL,NULL,NULL,NULL,NULL,NULL,NULL,NULL,NULL,NULL
2015,'./GB_Files/IBPS/GOVERNING_BOARD_MEETING/0089','0089.pdf',NULL,NULL,NULL,NULL,NULL,NULL,NULL,NULL,NULL,NULL
2015,'./GB_Files/IBPS/GOVERNING_BOARD_MEETING/0088','0088.pdf',134,142,NULL,NULL,NULL,NULL,NULL,NULL,NULL,NULL
2015,'./GB_Files/IBPS/GOVERNING_BOARD_MEETING/0087','0087.pdf',NULL,NULL,NULL,NULL,NULL,NULL,NULL,NULL,NULL,NULL
2016,'./GB_Files/IBPS/GOVERNING_BOARD_MEETING/0104','0104.pdf',NULL,NULL,NULL,NULL,NULL,NULL,NULL,NULL,NULL,NULL
2016,'./GB_Files/IBPS/GOVERNING_BOARD_MEETING/0103','0103.pdf',NULL,NULL,NULL,NULL,NULL,NULL,NULL,NULL,NULL,NULL
2016,'./GB_Files/IBPS/GOVERNING_BOARD_MEETING/0102','0102.pdf',NULL,NULL,NULL,NULL,NULL,NULL,NULL,NULL,NULL,NULL
2016,'./GB_Files/IBPS/GOVERNING_BOARD_MEETING/0101','0101.pdf',NULL,NULL,NULL,NULL,NULL,NULL,NULL,NULL,NULL,NULL
2016,'./GB_Files/IBPS/GOVERNING_BOARD_MEETING/0100','0100.pdf',NULL,NULL,NULL,NULL,NULL,NULL,NULL,NULL,NULL,NULL
2016,'./GB_Files/IBPS/GOVERNING_BOARD_MEETING/0099','0099.pdf',NULL,NULL,NULL,NULL,NULL,NULL,NULL,NULL,NULL,NULL
2016,'./GB_Files/IBPS/GOVERNING_BOARD_MEETING/0098','0098.pdf',NULL,NULL,NULL,NULL,NULL,NULL,NULL,NULL,NULL,NULL
2016,'./GB_Files/IBPS/GOVERNING_BOARD_MEETING/0097','0097.pdf',NULL,NULL,NULL,NULL,NULL,NULL,NULL,NULL,NULL,NULL
2016,'./GB_Files/IBPS/GOVERNING_BOARD_MEETING/0096','0096.pdf',NULL,NULL,NULL,NULL,NULL,NULL,NULL,NULL,NULL,NULL
2016,'./GB_Files/IBPS/GOVERNING_BOARD_MEETING/0095','0095.pdf',NULL,NULL,NULL,NULL,NULL,NULL,NULL,NULL,NULL,NULL
2016,'./GB_Files/IBPS/GOVERNING_BOARD_MEETING/0104','0104.pdf',NULL,NULL,NULL,NULL,NULL,NULL,NULL,NULL,NULL,NULL
2016,'./GB_Files/IBPS/GOVERNING_BOARD_MEETING/0103','0103.pdf',NULL,NULL,NULL,NULL,NULL,NULL,NULL,NULL,NULL,NULL
2016,'./GB_Files/IBPS/GOVERNING_BOARD_MEETING/0102','0102.pdf',NULL,NULL,NULL,NULL,NULL,NULL,NULL,NULL,NULL,NULL
2016,'./GB_Files/IBPS/GOVERNING_BOARD_MEETING/0101','0101.pdf',NULL,NULL,NULL,NULL,NULL,NULL,NULL,NULL,NULL,NULL
2016,'./GB_Files/IBPS/GOVERNING_BOARD_MEETING/0100','0100.pdf',NULL,NULL,NULL,NULL,NULL,NULL,NULL,NULL,NULL,NULL
2016,'./GB_Files/IBPS/GOVERNING_BOARD_MEETING/0099','0099.pdf',NULL,NULL,NULL,NULL,NULL,NULL,NULL,NULL,NULL,NULL
2016,'./GB_Files/IBPS/GOVERNING_BOARD_MEETING/0098','0098.pdf',NULL,NULL,NULL,NULL,NULL,NULL,NULL,NULL,NULL,NULL
2016,'./GB_Files/IBPS/GOVERNING_BOARD_MEETING/0097','0097.pdf',NULL,NULL,NULL,NULL,NULL,NULL,NULL,NULL,NULL,NULL
2016,'./GB_Files/IBPS/GOVERNING_BOARD_MEETING/0096','0096.pdf',NULL,NULL,NULL,NULL,NULL,NULL,NULL,NULL,NULL,NULL
2016,'./GB_Files/IBPS/GOVERNING_BOARD_MEETING/0095','0095.pdf',NULL,NULL,NULL,NULL,NULL,NULL,NULL,NULL,NULL,NULL
2016,'./GB_Files/IBPS/GOVERNING_BOARD_MEETING/0104','0104.pdf',NULL,NULL,NULL,NULL,NULL,NULL,NULL,NULL,NULL,NULL
2016,'./GB_Files/IBPS/GOVERNING_BOARD_MEETING/0103','0103.pdf',NULL,NULL,NULL,NULL,NULL,NULL,NULL,NULL,NULL,NULL
2016,'./GB_Files/IBPS/GOVERNING_BOARD_MEETING/0102','0102.pdf',NULL,NULL,NULL,NULL,NULL,NULL,NULL,NULL,NULL,NULL
2016,'./GB_Files/IBPS/GOVERNING_BOARD_MEETING/0101','0101.pdf',NULL,NULL,NULL,NULL,NULL,NULL,NULL,NULL,NULL,NULL
2016,'./GB_Files/IBPS/GOVERNING_BOARD_MEETING/0100','0100.pdf',NULL,NULL,NULL,NULL,NULL,NULL,NULL,NULL,NULL,NULL
2016,'./GB_Files/IBPS/GOVERNING_BOARD_MEETING/0099','0099.pdf',NULL,NULL,NULL,NULL,NULL,NULL,NULL,NULL,NULL,NULL
2016,'./GB_Files/IBPS/GOVERNING_BOARD_MEETING/0098','0098.pdf',NULL,NULL,NULL,NULL,NULL,NULL,NULL,NULL,NULL,NULL
2016,'./GB_Files/IBPS/GOVERNING_BOARD_MEETING/0097','0097.pdf',NULL,NULL,NULL,NULL,NULL,NULL,NULL,NULL,NULL,NULL
2016,'./GB_Files/IBPS/GOVERNING_BOARD_MEETING/0096','0096.pdf',NULL,NULL,NULL,NULL,40,254,NULL,NULL,NULL,NULL
2016,'./GB_Files/IBPS/GOVERNING_BOARD_MEETING/0095','0095.pdf',NULL,NULL,NULL,NULL,NULL,NULL,NULL,NULL,NULL,NULL
2016,'./GB_Files/IBPS/GOVERNING_BOARD_MEETING/0104','0104.pdf',NULL,NULL,27,NULL,NULL,NULL,NULL,NULL,NULL,NULL
2016,'./GB_Files/IBPS/GOVERNING_BOARD_MEETING/0103','0103.pdf',NULL,NULL,NULL,NULL,NULL,NULL,NULL,NULL,NULL,NULL
2016,'./GB_Files/IBPS/GOVERNING_BOARD_MEETING/0102','0102.pdf',NULL,NULL,41,NULL,NULL,NULL,NULL,NULL,NULL,NULL
2016,'./GB_Files/IBPS/GOVERNING_BOARD_MEETING/0101','0101.pdf',NULL,NULL,NULL,NULL,NULL,NULL,NULL,NULL,NULL,NULL
2016,'./GB_Files/IBPS/GOVERNING_BOARD_MEETING/0100','0100.pdf',NULL,NULL,NULL,NULL,NULL,NULL,NULL,NULL,NULL,NULL
2016,'./GB_Files/IBPS/GOVERNING_BOARD_MEETING/0099','0099.pdf',NULL,NULL,NULL,NULL,NULL,NULL,NULL,NULL,NULL,NULL
2016,'./GB_Files/IBPS/GOVERNING_BOARD_MEETING/0098','0098.pdf',NULL,NULL,NULL,NULL,NULL,NULL,NULL,NULL,NULL,NULL
2016,'./GB_Files/IBPS/GOVERNING_BOARD_MEETING/0097','0097.pdf',NULL,NULL,NULL,NULL,NULL,NULL,NULL,NULL,NULL,NULL
2016,'./GB_Files/IBPS/GOVERNING_BOARD_MEETING/0096','0096.pdf',NULL,NULL,14,NULL,NULL,NULL,NULL,NULL,NULL,NULL
2016,'./GB_Files/IBPS/GOVERNING_BOARD_MEETING/0095','0095.pdf',NULL,NULL,NULL,NULL,NULL,NULL,NULL,NULL,NULL,NULL
2016,'./GB_Files/IBPS/GOVERNING_BOARD_MEETING/0104','0104.pdf',NULL,NULL,NULL,NULL,NULL,NULL,NULL,NULL,NULL,NULL
2016,'./GB_Files/IBPS/GOVERNING_BOARD_MEETING/0103','0103.pdf',NULL,NULL,NULL,NULL,NULL,NULL,NULL,NULL,NULL,NULL
2016,'./GB_Files/IBPS/GOVERNING_BOARD_MEETING/0102','0102.pdf',NULL,NULL,NULL,NULL,NULL,NULL,NULL,NULL,NULL,NULL
2016,'./GB_Files/IBPS/GOVERNING_BOARD_MEETING/0101','0101.pdf',NULL,NULL,NULL,NULL,NULL,NULL,NULL,NULL,NULL,NULL
2016,'./GB_Files/IBPS/GOVERNING_BOARD_MEETING/0100','0100.pdf',NULL,NULL,NULL,NULL,NULL,NULL,NULL,NULL,NULL,NULL
2016,'./GB_Files/IBPS/GOVERNING_BOARD_MEETING/0099','0099.pdf',NULL,NULL,NULL,NULL,NULL,NULL,NULL,NULL,NULL,NULL
2016,'./GB_Files/IBPS/GOVERNING_BOARD_MEETING/0098','0098.pdf',93,101,NULL,NULL,NULL,NULL,NULL,NULL,NULL,NULL
2016,'./GB_Files/IBPS/GOVERNING_BOARD_MEETING/0097','0097.pdf',NULL,NULL,NULL,NULL,NULL,NULL,NULL,NULL,NULL,NULL
2016,'./GB_Files/IBPS/GOVERNING_BOARD_MEETING/0096','0096.pdf',NULL,NULL,NULL,NULL,NULL,NULL,NULL,NULL,NULL,NULL
2016,'./GB_Files/IBPS/GOVERNING_BOARD_MEETING/0095','0095.pdf',NULL,NULL,NULL,NULL,NULL,NULL,NULL,NULL,NULL,NULL
2017,'./GB_Files/IBPS/GOVERNING_BOARD_MEETING/0112','0112.pdf',NULL,NULL,NULL,NULL,NULL,NULL,NULL,NULL,NULL,NULL
2017,'./GB_Files/IBPS/GOVERNING_BOARD_MEETING/0111','0111.pdf',NULL,NULL,NULL,NULL,NULL,NULL,NULL,NULL,NULL,NULL
2017,'./GB_Files/IBPS/GOVERNING_BOARD_MEETING/0111','0111.pdf',NULL,NULL,NULL,NULL,NULL,NULL,NULL,NULL,NULL,NULL
2017,'./GB_Files/IBPS/GOVERNING_BOARD_MEETING/0110','0110.pdf',NULL,NULL,NULL,NULL,NULL,NULL,NULL,NULL,NULL,NULL
2017,'./GB_Files/IBPS/GOVERNING_BOARD_MEETING/0109','0109.pdf',NULL,NULL,NULL,NULL,NULL,NULL,NULL,NULL,NULL,NULL
2017,'./GB_Files/IBPS/GOVERNING_BOARD_MEETING/0108','0108.pdf',NULL,NULL,NULL,NULL,NULL,NULL,NULL,NULL,NULL,NULL
2017,'./GB_Files/IBPS/GOVERNING_BOARD_MEETING/0107','0107.pdf',NULL,NULL,NULL,NULL,NULL,NULL,NULL,NULL,NULL,NULL
2017,'./GB_Files/IBPS/GOVERNING_BOARD_MEETING/0106','0106.pdf',NULL,NULL,NULL,NULL,NULL,NULL,NULL,NULL,NULL,NULL
2017,'./GB_Files/IBPS/GOVERNING_BOARD_MEETING/0105','0105.pdf',NULL,NULL,NULL,NULL,NULL,NULL,NULL,NULL,NULL,NULL
2017,'./GB_Files/IBPS/GOVERNING_BOARD_MEETING/0112','0112.pdf',NULL,NULL,NULL,NULL,NULL,NULL,NULL,NULL,NULL,NULL
2017,'./GB_Files/IBPS/GOVERNING_BOARD_MEETING/0111','0111.pdf',NULL,NULL,NULL,NULL,NULL,NULL,NULL,NULL,NULL,NULL
2017,'./GB_Files/IBPS/GOVERNING_BOARD_MEETING/0111','0111.pdf',NULL,NULL,NULL,NULL,NULL,NULL,NULL,NULL,NULL,NULL
2017,'./GB_Files/IBPS/GOVERNING_BOARD_MEETING/0110','0110.pdf',NULL,NULL,NULL,NULL,NULL,NULL,NULL,NULL,NULL,NULL
2017,'./GB_Files/IBPS/GOVERNING_BOARD_MEETING/0109','0109.pdf',NULL,NULL,NULL,NULL,NULL,NULL,NULL,NULL,NULL,NULL
2017,'./GB_Files/IBPS/GOVERNING_BOARD_MEETING/0108','0108.pdf',NULL,NULL,NULL,NULL,NULL,NULL,NULL,NULL,NULL,NULL
2017,'./GB_Files/IBPS/GOVERNING_BOARD_MEETING/0107','0107.pdf',NULL,NULL,NULL,NULL,NULL,NULL,NULL,NULL,NULL,NULL
2017,'./GB_Files/IBPS/GOVERNING_BOARD_MEETING/0106','0106.pdf',NULL,NULL,NULL,NULL,NULL,NULL,NULL,NULL,NULL,NULL
2017,'./GB_Files/IBPS/GOVERNING_BOARD_MEETING/0105','0105.pdf',NULL,NULL,NULL,NULL,NULL,NULL,NULL,NULL,NULL,NULL
2017,'./GB_Files/IBPS/GOVERNING_BOARD_MEETING/0112','0112.pdf',NULL,NULL,NULL,NULL,NULL,NULL,NULL,NULL,NULL,NULL
2017,'./GB_Files/IBPS/GOVERNING_BOARD_MEETING/0111','0111.pdf',NULL,NULL,NULL,NULL,NULL,NULL,NULL,NULL,NULL,NULL
2017,'./GB_Files/IBPS/GOVERNING_BOARD_MEETING/0111','0111.pdf',NULL,NULL,NULL,NULL,NULL,NULL,NULL,NULL,NULL,NULL
2017,'./GB_Files/IBPS/GOVERNING_BOARD_MEETING/0110','0110.pdf',NULL,NULL,NULL,NULL,NULL,NULL,NULL,NULL,NULL,NULL
2017,'./GB_Files/IBPS/GOVERNING_BOARD_MEETING/0109','0109.pdf',NULL,NULL,NULL,NULL,NULL,NULL,NULL,NULL,NULL,NULL
2017,'./GB_Files/IBPS/GOVERNING_BOARD_MEETING/0108','0108.pdf',NULL,NULL,NULL,NULL,62,81,NULL,NULL,NULL,NULL
2017,'./GB_Files/IBPS/GOVERNING_BOARD_MEETING/0107','0107.pdf',NULL,NULL,NULL,NULL,NULL,NULL,NULL,NULL,NULL,NULL
2017,'./GB_Files/IBPS/GOVERNING_BOARD_MEETING/0106','0106.pdf',NULL,NULL,NULL,NULL,NULL,NULL,NULL,NULL,NULL,NULL
2017,'./GB_Files/IBPS/GOVERNING_BOARD_MEETING/0105','0105.pdf',NULL,NULL,NULL,NULL,14,15,NULL,NULL,NULL,NULL
2017,'./GB_Files/IBPS/GOVERNING_BOARD_MEETING/0112','0112.pdf',NULL,NULL,NULL,NULL,NULL,NULL,NULL,NULL,NULL,NULL
2017,'./GB_Files/IBPS/GOVERNING_BOARD_MEETING/0111','0111.pdf',NULL,NULL,14,NULL,NULL,NULL,NULL,NULL,NULL,NULL
2017,'./GB_Files/IBPS/GOVERNING_BOARD_MEETING/0111','0111.pdf',NULL,NULL,50,NULL,NULL,NULL,NULL,NULL,NULL,NULL
2017,'./GB_Files/IBPS/GOVERNING_BOARD_MEETING/0110','0110.pdf',NULL,NULL,NULL,NULL,NULL,NULL,NULL,NULL,NULL,NULL
2017,'./GB_Files/IBPS/GOVERNING_BOARD_MEETING/0109','0109.pdf',NULL,NULL,NULL,NULL,NULL,NULL,NULL,NULL,NULL,NULL
2017,'./GB_Files/IBPS/GOVERNING_BOARD_MEETING/0108','0108.pdf',NULL,NULL,NULL,NULL,NULL,NULL,NULL,NULL,NULL,NULL
2017,'./GB_Files/IBPS/GOVERNING_BOARD_MEETING/0107','0107.pdf',NULL,NULL,14,NULL,NULL,NULL,NULL,NULL,NULL,NULL
2017,'./GB_Files/IBPS/GOVERNING_BOARD_MEETING/0106','0106.pdf',NULL,NULL,NULL,NULL,NULL,NULL,NULL,NULL,NULL,NULL
2017,'./GB_Files/IBPS/GOVERNING_BOARD_MEETING/0105','0105.pdf',NULL,NULL,NULL,NULL,NULL,NULL,NULL,NULL,NULL,NULL
2017,'./GB_Files/IBPS/GOVERNING_BOARD_MEETING/0112','0112.pdf',NULL,NULL,NULL,NULL,NULL,NULL,NULL,NULL,NULL,NULL
2017,'./GB_Files/IBPS/GOVERNING_BOARD_MEETING/0111','0111.pdf',NULL,NULL,NULL,NULL,NULL,NULL,NULL,NULL,NULL,NULL
2017,'./GB_Files/IBPS/GOVERNING_BOARD_MEETING/0111','0111.pdf',NULL,NULL,NULL,NULL,NULL,NULL,NULL,NULL,NULL,NULL
2017,'./GB_Files/IBPS/GOVERNING_BOARD_MEETING/0110','0110.pdf',NULL,NULL,NULL,NULL,NULL,NULL,NULL,NULL,NULL,NULL
2017,'./GB_Files/IBPS/GOVERNING_BOARD_MEETING/0109','0109.pdf',NULL,NULL,NULL,NULL,NULL,NULL,NULL,NULL,NULL,NULL
2017,'./GB_Files/IBPS/GOVERNING_BOARD_MEETING/0108','0108.pdf',42,51,NULL,NULL,NULL,NULL,NULL,NULL,NULL,NULL
2017,'./GB_Files/IBPS/GOVERNING_BOARD_MEETING/0107','0107.pdf',NULL,NULL,NULL,NULL,NULL,NULL,NULL,NULL,NULL,NULL
2017,'./GB_Files/IBPS/GOVERNING_BOARD_MEETING/0106','0106.pdf',NULL,NULL,NULL,NULL,NULL,NULL,NULL,NULL,NULL,NULL
2017,'./GB_Files/IBPS/GOVERNING_BOARD_MEETING/0105','0105.pdf',NULL,NULL,NULL,NULL,NULL,NULL,NULL,NULL,NULL,NULL
2018,'./GB_Files/IBPS/GOVERNING_BOARD_MEETING/0118','0118.pdf',NULL,NULL,NULL,NULL,NULL,NULL,NULL,NULL,NULL,NULL
2018,'./GB_Files/IBPS/GOVERNING_BOARD_MEETING/0117','0117.pdf',NULL,NULL,NULL,NULL,NULL,NULL,NULL,NULL,NULL,NULL
2018,'./GB_Files/IBPS/GOVERNING_BOARD_MEETING/0116','0116.pdf',NULL,NULL,NULL,NULL,NULL,NULL,NULL,NULL,NULL,NULL
2018,'./GB_Files/IBPS/GOVERNING_BOARD_MEETING/0115','0115.pdf',NULL,NULL,NULL,NULL,NULL,NULL,NULL,NULL,NULL,NULL
2018,'./GB_Files/IBPS/GOVERNING_BOARD_MEETING/0114','0114.pdf',NULL,NULL,NULL,NULL,NULL,NULL,NULL,NULL,66,67
2018,'./GB_Files/IBPS/GOVERNING_BOARD_MEETING/0113','0113.pdf',NULL,NULL,NULL,NULL,NULL,NULL,NULL,NULL,NULL,NULL
2018,'./GB_Files/IBPS/GOVERNING_BOARD_MEETING/0118','0118.pdf',NULL,NULL,NULL,NULL,NULL,NULL,NULL,NULL,NULL,NULL
2018,'./GB_Files/IBPS/GOVERNING_BOARD_MEETING/0117','0117.pdf',NULL,NULL,NULL,NULL,NULL,NULL,NULL,NULL,NULL,NULL
2018,'./GB_Files/IBPS/GOVERNING_BOARD_MEETING/0116','0116.pdf',NULL,NULL,NULL,NULL,NULL,NULL,NULL,NULL,NULL,NULL
2018,'./GB_Files/IBPS/GOVERNING_BOARD_MEETING/0115','0115.pdf',NULL,NULL,NULL,NULL,NULL,NULL,NULL,NULL,NULL,NULL
2018,'./GB_Files/IBPS/GOVERNING_BOARD_MEETING/0114','0114.pdf',NULL,NULL,NULL,NULL,NULL,NULL,NULL,NULL,NULL,NULL
2018,'./GB_Files/IBPS/GOVERNING_BOARD_MEETING/0113','0113.pdf',NULL,NULL,NULL,NULL,NULL,NULL,NULL,NULL,NULL,NULL
2018,'./GB_Files/IBPS/GOVERNING_BOARD_MEETING/0118','0118.pdf',NULL,NULL,NULL,NULL,NULL,NULL,NULL,NULL,NULL,NULL
2018,'./GB_Files/IBPS/GOVERNING_BOARD_MEETING/0117','0117.pdf',NULL,NULL,NULL,NULL,NULL,NULL,NULL,NULL,NULL,NULL
2018,'./GB_Files/IBPS/GOVERNING_BOARD_MEETING/0116','0116.pdf',NULL,NULL,NULL,NULL,25,44,NULL,NULL,NULL,NULL
2018,'./GB_Files/IBPS/GOVERNING_BOARD_MEETING/0115','0115.pdf',NULL,NULL,NULL,NULL,18,36,NULL,NULL,NULL,NULL
2018,'./GB_Files/IBPS/GOVERNING_BOARD_MEETING/0114','0114.pdf',NULL,NULL,NULL,NULL,NULL,NULL,NULL,NULL,NULL,NULL
2018,'./GB_Files/IBPS/GOVERNING_BOARD_MEETING/0113','0113.pdf',NULL,NULL,NULL,NULL,NULL,NULL,NULL,NULL,NULL,NULL
2018,'./GB_Files/IBPS/GOVERNING_BOARD_MEETING/0118','0118.pdf',NULL,NULL,15,NULL,NULL,NULL,NULL,NULL,NULL,NULL
2018,'./GB_Files/IBPS/GOVERNING_BOARD_MEETING/0117','0117.pdf',NULL,NULL,19,NULL,NULL,NULL,NULL,NULL,NULL,NULL
2018,'./GB_Files/IBPS/GOVERNING_BOARD_MEETING/0116','0116.pdf',NULL,NULL,18,NULL,NULL,NULL,NULL,NULL,NULL,NULL
2018,'./GB_Files/IBPS/GOVERNING_BOARD_MEETING/0115','0115.pdf',NULL,NULL,NULL,NULL,NULL,NULL,NULL,NULL,NULL,NULL
2018,'./GB_Files/IBPS/GOVERNING_BOARD_MEETING/0114','0114.pdf',NULL,NULL,NULL,NULL,NULL,NULL,NULL,NULL,NULL,NULL
2018,'./GB_Files/IBPS/GOVERNING_BOARD_MEETING/0113','0113.pdf',NULL,NULL,9,NULL,NULL,NULL,NULL,NULL,NULL,NULL
2018,'./GB_Files/IBPS/GOVERNING_BOARD_MEETING/0118','0118.pdf',NULL,NULL,NULL,NULL,NULL,NULL,NULL,NULL,NULL,NULL
2018,'./GB_Files/IBPS/GOVERNING_BOARD_MEETING/0117','0117.pdf',NULL,NULL,NULL,NULL,NULL,NULL,NULL,NULL,NULL,NULL
2018,'./GB_Files/IBPS/GOVERNING_BOARD_MEETING/0116','0116.pdf',NULL,NULL,NULL,NULL,NULL,NULL,NULL,NULL,NULL,NULL
2018,'./GB_Files/IBPS/GOVERNING_BOARD_MEETING/0115','0115.pdf',106,120,NULL,NULL,NULL,NULL,NULL,NULL,NULL,NULL
2018,'./GB_Files/IBPS/GOVERNING_BOARD_MEETING/0114','0114.pdf',NULL,NULL,NULL,NULL,NULL,NULL,NULL,NULL,NULL,NULL
2018,'./GB_Files/IBPS/GOVERNING_BOARD_MEETING/0113','0113.pdf',NULL,NULL,NULL,NULL,NULL,NULL,NULL,NULL,NULL,NULL
2019,'./GB_Files/IBPS/GOVERNING_BOARD_MEETING/0122','0122.pdf',NULL,NULL,NULL,NULL,NULL,NULL,NULL,NULL,NULL,NULL
2019,'./GB_Files/IBPS/GOVERNING_BOARD_MEETING/0121','0121.pdf',NULL,NULL,NULL,NULL,NULL,NULL,NULL,NULL,NULL,NULL
2019,'./GB_Files/IBPS/GOVERNING_BOARD_MEETING/0120','0120.pdf',NULL,NULL,NULL,NULL,NULL,NULL,NULL,NULL,NULL,NULL
2019,'./GB_Files/IBPS/GOVERNING_BOARD_MEETING/0121','0121.pdf',NULL,NULL,NULL,NULL,NULL,NULL,NULL,NULL,NULL,NULL
2019,'./GB_Files/IBPS/GOVERNING_BOARD_MEETING/0120','0120.pdf',NULL,NULL,NULL,NULL,NULL,NULL,NULL,NULL,NULL,NULL
2019,'./GB_Files/IBPS/GOVERNING_BOARD_MEETING/0122','0122.pdf',NULL,NULL,NULL,NULL,23,29,NULL,NULL,NULL,NULL
2019,'./GB_Files/IBPS/GOVERNING_BOARD_MEETING/0121','0121.pdf',NULL,NULL,NULL,NULL,48,54,NULL,NULL,NULL,NULL
2019,'./GB_Files/IBPS/GOVERNING_BOARD_MEETING/0120','0120.pdf',NULL,NULL,NULL,NULL,NULL,NULL,NULL,NULL,NULL,NULL
2019,'./GB_Files/IBPS/GOVERNING_BOARD_MEETING/0122','0122.pdf',NULL,NULL,NULL,NULL,NULL,NULL,NULL,NULL,NULL,NULL
2019,'./GB_Files/IBPS/GOVERNING_BOARD_MEETING/0121','0121.pdf',NULL,NULL,19,NULL,NULL,NULL,NULL,NULL,NULL,NULL
2019,'./GB_Files/IBPS/GOVERNING_BOARD_MEETING/0120','0120.pdf',NULL,NULL,NULL,NULL,NULL,NULL,NULL,NULL,NULL,NULL
2019,'./GB_Files/IBPS/GOVERNING_BOARD_MEETING/0122','0122.pdf',NULL,NULL,NULL,NULL,NULL,NULL,NULL,NULL,NULL,NULL
2019,'./GB_Files/IBPS/GOVERNING_BOARD_MEETING/0121','0121.pdf',113,122,NULL,NULL,NULL,NULL,NULL,NULL,NULL,NULL
2019,'./GB_Files/IBPS/GOVERNING_BOARD_MEETING/0120','0120.pdf',NULL,NULL,NULL,NULL,NULL,NULL,NULL,NULL,NULL,NULL
